Script started on 2019-12-06 19:56:42-0700,,,,,,,,,,,,,,Script started on 2019-12-06 20:18:40-0700,,,,,,,
groups: cannot find name for group ID 1324701249,,,,,,,,,,,,,,groups: cannot find name for group ID 1324701249,,,,,,,
groups: cannot find name for group ID 1324701515,,,,,,,,,,,,,,groups: cannot find name for group ID 1324701515,,,,,,,
groups: cannot find name for group ID 1324701519,,,,,,,,,,,,,,groups: cannot find name for group ID 1324701519,,,,,,,
groups: cannot find name for group ID 1324701605,,,,,,,,,,,,,,groups: cannot find name for group ID 1324701605,,,,,,,
groups: cannot find name for group ID 1324701701,,,,,,,,,,,,,,groups: cannot find name for group ID 1324701701,,,,,,,
groups: cannot find name for group ID 1324701900,,,,,,,,,,,,,,groups: cannot find name for group ID 1324701900,,,,,,,
]0,toyohart@b61-u18-nuc18-ssga: ~/Desktop/sequencer_generictoyohart@b61-u18-nuc18-ssga:~/Desktop/sequencer_generic$ s[Ktail -f /car/,"[K[K[K[Kva[K[Kva[K[K[Kvar/lgo[K[Kog/syslpg[K[Kog |greo[K[K[K[K grep ""Sequencer""",,,,,,,,,,,,]0,"toyohart@b61-u18-nuc18-ssga: ~/Desktop/sequencer_generictoyohart@b61-u18-nuc18-ssga:~/Desktop/sequencer_generic$ exitsudo tail -f /var/log/syslog | grep ""Frame Sampler""",,,,,,
tail: cannot open '/var/log/syslog' for reading: Permission denied,,,,,,,,,,,,,,[sudo] password for toyohart: ,,,,,,,
tail: no files remaining,,,,,,,,,,,,,,Dec  6 20:19:04 b61-u18-nuc18-ssga seqgen: [01,31m[KFrame Sampler[m[K Grab,0, @ sec,0.480162,1.000873,1.00052629411765,1.00052629411765
]0,"toyohart@b61-u18-nuc18-ssga: ~/Desktop/sequencer_generictoyohart@b61-u18-nuc18-ssga:~/Desktop/sequencer_generic$ tail -f /var/log/syslog | grep ""Sequencer""[1@s[1@u[1@d[1@o[1@ ",,,,,,,,,,,,,Dec  6 20:19:06 b61-u18-nuc18-ssga seqgen: [01,31m[KFrame Sampler[m[K release,0, @ sec,2.231035,,1.00052629411765,
[sudo] password for toyohart: ,,,,,,,,,,,,,,Dec  6 20:19:06 b61-u18-nuc18-ssga seqgen: [01,31m[KFrame Sampler[m[K Grab,1, @ sec,2.231035,1.000737,1.00052629411765,
Dec  6 19:57:41 b61-u18-nuc18-ssga seqgen: [01,31m[KSequencer[m[K @ sec=0, msec=251,,,,,,,,,,,,Dec  6 20:19:06 b61-u18-nuc18-ssga seqgen: [01,31m[KFrame Sampler[m[K release,1, @ sec,2.481772,,1.00052629411765,
Dec  6 19:57:41 b61-u18-nuc18-ssga seqgen: [01,31m[KSequencer[m[K thread @ sec,0, msec,251,,,,,Hello,,,,,Dec  6 20:19:06 b61-u18-nuc18-ssga seqgen: [01,31m[KFrame Sampler[m[K Grab,2, @ sec,2.481772,1.000322,1.00052629411765,
Dec  6 19:57:41 b61-u18-nuc18-ssga seqgen: [01,31m[KSequencer[m[K, cycle,1, @ sec,0, msec,285,,Err:509,,,,,Dec  6 20:19:07 b61-u18-nuc18-ssga seqgen: [01,31m[KFrame Sampler[m[K release,2, @ sec,3.482094,,1.00052629411765,
Dec  6 19:57:41 b61-u18-nuc18-ssga seqgen: [01,31m[KSequencer[m[K, cycle,2, @ sec,0, msec,318,,0.318,,,,,Dec  6 20:19:07 b61-u18-nuc18-ssga seqgen: [01,31m[KFrame Sampler[m[K Grab,3, @ sec,3.482094,1.000467,1.00052629411765,
Dec  6 19:57:41 b61-u18-nuc18-ssga seqgen: [01,31m[KSequencer[m[K, cycle,3, @ sec,0, msec,352,,0.352,,,,,Dec  6 20:19:08 b61-u18-nuc18-ssga seqgen: [01,31m[KFrame Sampler[m[K release,3, @ sec,4.482561,,1.00052629411765,
Dec  6 19:57:41 b61-u18-nuc18-ssga seqgen: [01,31m[KSequencer[m[K, cycle,4, @ sec,0, msec,385,,0.385,,,,,Dec  6 20:19:08 b61-u18-nuc18-ssga seqgen: [01,31m[KFrame Sampler[m[K Grab,4, @ sec,4.482561,1.000577,1.00052629411765,
Dec  6 19:57:41 b61-u18-nuc18-ssga seqgen: [01,31m[KSequencer[m[K, cycle,5, @ sec,0, msec,418,,0.418,,,,,Dec  6 20:19:09 b61-u18-nuc18-ssga seqgen: [01,31m[KFrame Sampler[m[K release,4, @ sec,5.483138,,1.00052629411765,
Dec  6 19:57:41 b61-u18-nuc18-ssga seqgen: [01,31m[KSequencer[m[K, cycle,6, @ sec,0, msec,452,,0.452,,,,,Dec  6 20:19:09 b61-u18-nuc18-ssga seqgen: [01,31m[KFrame Sampler[m[K Grab,5, @ sec,5.483138,1.000562,1.00052629411765,
Dec  6 19:57:41 b61-u18-nuc18-ssga seqgen: [01,31m[KSequencer[m[K, cycle,7, @ sec,0, msec,485,,0.485,,,,,Dec  6 20:19:10 b61-u18-nuc18-ssga seqgen: [01,31m[KFrame Sampler[m[K release,5, @ sec,6.4837,,1.00052629411765,
Dec  6 19:57:41 b61-u18-nuc18-ssga seqgen: [01,31m[KSequencer[m[K, cycle,8, @ sec,0, msec,518,,0.518,,,,,Dec  6 20:19:10 b61-u18-nuc18-ssga seqgen: [01,31m[KFrame Sampler[m[K Grab,6, @ sec,6.4837,1.00043,1.00052629411765,
Dec  6 19:57:41 b61-u18-nuc18-ssga seqgen: [01,31m[KSequencer[m[K, cycle,9, @ sec,0, msec,552,,0.552,,,,,Dec  6 20:19:11 b61-u18-nuc18-ssga seqgen: [01,31m[KFrame Sampler[m[K release,6, @ sec,7.48413,,1.00052629411765,
Dec  6 19:57:41 b61-u18-nuc18-ssga seqgen: [01,31m[KSequencer[m[K, cycle,10, @ sec,0, msec,585,,0.585,,,,,Dec  6 20:19:11 b61-u18-nuc18-ssga seqgen: [01,31m[KFrame Sampler[m[K Grab,7, @ sec,7.48413,1.000453,1.00052629411765,
Dec  6 19:57:41 b61-u18-nuc18-ssga seqgen: [01,31m[KSequencer[m[K, cycle,11, @ sec,0, msec,618,,0.618,,,,,Dec  6 20:19:12 b61-u18-nuc18-ssga seqgen: [01,31m[KFrame Sampler[m[K release,7, @ sec,8.484583,,1.00052629411765,
Dec  6 19:57:41 b61-u18-nuc18-ssga seqgen: [01,31m[KSequencer[m[K, cycle,12, @ sec,0, msec,652,,0.652,,,,,Dec  6 20:19:12 b61-u18-nuc18-ssga seqgen: [01,31m[KFrame Sampler[m[K Grab,8, @ sec,8.484583,1.000477,1.00052629411765,
Dec  6 19:57:41 b61-u18-nuc18-ssga seqgen: [01,31m[KSequencer[m[K, cycle,13, @ sec,0, msec,685,,0.685,,,,,Dec  6 20:19:13 b61-u18-nuc18-ssga seqgen: [01,31m[KFrame Sampler[m[K release,8, @ sec,9.48506,,1.00052629411765,
Dec  6 19:57:41 b61-u18-nuc18-ssga seqgen: [01,31m[KSequencer[m[K, cycle,14, @ sec,0, msec,718,,0.718,,,,,Dec  6 20:19:13 b61-u18-nuc18-ssga seqgen: [01,31m[KFrame Sampler[m[K Grab,9, @ sec,9.48506,1.000398,1.00052629411765,
Dec  6 19:57:41 b61-u18-nuc18-ssga seqgen: [01,31m[KSequencer[m[K, cycle,15, @ sec,0, msec,752,,0.752,,,,,Dec  6 20:19:14 b61-u18-nuc18-ssga seqgen: [01,31m[KFrame Sampler[m[K release,9, @ sec,10.485458,,1.00052629411765,
Dec  6 19:57:41 b61-u18-nuc18-ssga seqgen: [01,31m[KSequencer[m[K, cycle,16, @ sec,0, msec,785,,0.785,,,,,Dec  6 20:19:14 b61-u18-nuc18-ssga seqgen: [01,31m[KFrame Sampler[m[K Grab,10, @ sec,10.485458,1.000376,1.00052629411765,
Dec  6 19:57:41 b61-u18-nuc18-ssga seqgen: [01,31m[KSequencer[m[K, cycle,17, @ sec,0, msec,818,,0.818,,,,,Dec  6 20:19:15 b61-u18-nuc18-ssga seqgen: [01,31m[KFrame Sampler[m[K release,10, @ sec,11.485834,,1.00052629411765,
Dec  6 19:57:41 b61-u18-nuc18-ssga seqgen: [01,31m[KSequencer[m[K, cycle,18, @ sec,0, msec,852,,0.852,,,,,Dec  6 20:19:15 b61-u18-nuc18-ssga seqgen: [01,31m[KFrame Sampler[m[K Grab,11, @ sec,11.485834,1.000566,1.00052629411765,
Dec  6 19:57:41 b61-u18-nuc18-ssga seqgen: [01,31m[KSequencer[m[K, cycle,19, @ sec,0, msec,885,,0.885,,,,,Dec  6 20:19:16 b61-u18-nuc18-ssga seqgen: [01,31m[KFrame Sampler[m[K release,11, @ sec,12.4864,,1.00052629411765,
Dec  6 19:57:41 b61-u18-nuc18-ssga seqgen: [01,31m[KSequencer[m[K, cycle,20, @ sec,0, msec,918,,0.918,,,,,Dec  6 20:19:16 b61-u18-nuc18-ssga seqgen: [01,31m[KFrame Sampler[m[K Grab,12, @ sec,12.4864,1.000403,1.00052629411765,
Dec  6 19:57:41 b61-u18-nuc18-ssga seqgen: [01,31m[KSequencer[m[K, cycle,21, @ sec,0, msec,952,,0.952,,,,,Dec  6 20:19:17 b61-u18-nuc18-ssga seqgen: [01,31m[KFrame Sampler[m[K release,12, @ sec,13.486803,,1.00052629411765,
Dec  6 19:57:41 b61-u18-nuc18-ssga seqgen: [01,31m[KSequencer[m[K, cycle,22, @ sec,0, msec,985,,0.985,,,,,Dec  6 20:19:17 b61-u18-nuc18-ssga seqgen: [01,31m[KFrame Sampler[m[K Grab,13, @ sec,13.486803,1.000526,1.00052629411765,
Dec  6 19:57:42 b61-u18-nuc18-ssga seqgen: [01,31m[KSequencer[m[K, cycle,23, @ sec,1, msec,19,,1.019,,,,,Dec  6 20:19:18 b61-u18-nuc18-ssga seqgen: [01,31m[KFrame Sampler[m[K release,13, @ sec,14.487329,,1.00052629411765,
Dec  6 19:57:42 b61-u18-nuc18-ssga seqgen: [01,31m[KSequencer[m[K, cycle,24, @ sec,1, msec,52,,1.052,,,,,Dec  6 20:19:18 b61-u18-nuc18-ssga seqgen: [01,31m[KFrame Sampler[m[K Grab,14, @ sec,14.487329,1.000413,1.00052629411765,
Dec  6 19:57:42 b61-u18-nuc18-ssga seqgen: [01,31m[KSequencer[m[K, cycle,25, @ sec,1, msec,85,,1.085,,,,,Dec  6 20:19:19 b61-u18-nuc18-ssga seqgen: [01,31m[KFrame Sampler[m[K release,14, @ sec,15.487742,,1.00052629411765,
Dec  6 19:57:42 b61-u18-nuc18-ssga seqgen: [01,31m[KSequencer[m[K, cycle,26, @ sec,1, msec,119,,1.119,,,,,Dec  6 20:19:19 b61-u18-nuc18-ssga seqgen: [01,31m[KFrame Sampler[m[K Grab,15, @ sec,15.487742,1.000522,1.00052629411765,
Dec  6 19:57:42 b61-u18-nuc18-ssga seqgen: [01,31m[KSequencer[m[K, cycle,27, @ sec,1, msec,152,,1.152,,,,,Dec  6 20:19:20 b61-u18-nuc18-ssga seqgen: [01,31m[KFrame Sampler[m[K release,15, @ sec,16.488264,,1.00052629411765,
Dec  6 19:57:42 b61-u18-nuc18-ssga seqgen: [01,31m[KSequencer[m[K, cycle,28, @ sec,1, msec,185,,1.185,,,,,Dec  6 20:19:20 b61-u18-nuc18-ssga seqgen: [01,31m[KFrame Sampler[m[K Grab,16, @ sec,16.488264,1.000845,1.00052629411765,
Dec  6 19:57:42 b61-u18-nuc18-ssga seqgen: [01,31m[KSequencer[m[K, cycle,29, @ sec,1, msec,219,,1.219,,,,,Dec  6 20:19:21 b61-u18-nuc18-ssga seqgen: [01,31m[KFrame Sampler[m[K release,16, @ sec,17.155109,,,
Dec  6 19:57:42 b61-u18-nuc18-ssga seqgen: [01,31m[KSequencer[m[K, cycle,30, @ sec,1, msec,252,,1.252,,,,,^C,,,,,,,
Dec  6 19:57:42 b61-u18-nuc18-ssga seqgen: [01,31m[KSequencer[m[K, cycle,31, @ sec,1, msec,285,,1.285,,,,,]0,toyohart@b61-u18-nuc18-ssga: ~/Desktop/sequencer_generictoyohart@b61-u18-nuc18-ssga:~/Desktop/sequencer_generic$ exit,,,,,,
Dec  6 19:57:42 b61-u18-nuc18-ssga seqgen: [01,31m[KSequencer[m[K, cycle,32, @ sec,1, msec,319,,1.319,,,,,exit,,,,,,,
Dec  6 19:57:42 b61-u18-nuc18-ssga seqgen: [01,31m[KSequencer[m[K, cycle,33, @ sec,1, msec,352,,1.352,,,,,,,,,,,,
Dec  6 19:57:42 b61-u18-nuc18-ssga seqgen: [01,31m[KSequencer[m[K, cycle,34, @ sec,1, msec,385,,1.385,,,,,Script done on 2019-12-06 20:19:48-0700,,,,,,,
Dec  6 19:57:42 b61-u18-nuc18-ssga seqgen: [01,31m[KSequencer[m[K, cycle,35, @ sec,1, msec,419,,1.419,,,,,,,,,,,,
Dec  6 19:57:42 b61-u18-nuc18-ssga seqgen: [01,31m[KSequencer[m[K, cycle,36, @ sec,1, msec,452,,1.452,,,,,,,,,,,,
Dec  6 19:57:42 b61-u18-nuc18-ssga seqgen: [01,31m[KSequencer[m[K, cycle,37, @ sec,1, msec,485,,1.485,,,,,,,,,,,,
Dec  6 19:57:42 b61-u18-nuc18-ssga seqgen: [01,31m[KSequencer[m[K, cycle,38, @ sec,1, msec,519,,1.519,,,,,,,,,,,,
Dec  6 19:57:42 b61-u18-nuc18-ssga seqgen: [01,31m[KSequencer[m[K, cycle,39, @ sec,1, msec,552,,1.552,,,,,,,,,,,,
Dec  6 19:57:42 b61-u18-nuc18-ssga seqgen: [01,31m[KSequencer[m[K, cycle,40, @ sec,1, msec,585,,1.585,,,,,,,,,,,,
Dec  6 19:57:42 b61-u18-nuc18-ssga seqgen: [01,31m[KSequencer[m[K, cycle,41, @ sec,1, msec,619,,1.619,,,,,,,,,,,,
Dec  6 19:57:42 b61-u18-nuc18-ssga seqgen: [01,31m[KSequencer[m[K, cycle,42, @ sec,1, msec,652,,1.652,,,,,,,,,,,,
Dec  6 19:57:42 b61-u18-nuc18-ssga seqgen: [01,31m[KSequencer[m[K, cycle,43, @ sec,1, msec,685,,1.685,,,,,,,,,,,,
Dec  6 19:57:42 b61-u18-nuc18-ssga seqgen: [01,31m[KSequencer[m[K, cycle,44, @ sec,1, msec,719,,1.719,,,,,,,,,,,,
Dec  6 19:57:42 b61-u18-nuc18-ssga seqgen: [01,31m[KSequencer[m[K, cycle,45, @ sec,1, msec,752,,1.752,,,,,,,,,,,,
Dec  6 19:57:42 b61-u18-nuc18-ssga seqgen: [01,31m[KSequencer[m[K, cycle,46, @ sec,1, msec,786,,1.786,,,,,,,,,,,,
Dec  6 19:57:42 b61-u18-nuc18-ssga seqgen: [01,31m[KSequencer[m[K, cycle,47, @ sec,1, msec,819,,1.819,,,,,,,,,,,,
Dec  6 19:57:42 b61-u18-nuc18-ssga seqgen: [01,31m[KSequencer[m[K, cycle,48, @ sec,1, msec,852,,1.852,,,,,,,,,,,,
Dec  6 19:57:42 b61-u18-nuc18-ssga seqgen: [01,31m[KSequencer[m[K, cycle,49, @ sec,1, msec,886,,1.886,,,,,,,,,,,,
Dec  6 19:57:42 b61-u18-nuc18-ssga seqgen: [01,31m[KSequencer[m[K, cycle,50, @ sec,1, msec,919,,1.919,,,,,,,,,,,,
Dec  6 19:57:42 b61-u18-nuc18-ssga seqgen: [01,31m[KSequencer[m[K, cycle,51, @ sec,1, msec,952,,1.952,,,,,,,,,,,,
Dec  6 19:57:42 b61-u18-nuc18-ssga seqgen: [01,31m[KSequencer[m[K, cycle,52, @ sec,1, msec,986,,1.986,,,,,,,,,,,,
Dec  6 19:57:43 b61-u18-nuc18-ssga seqgen: [01,31m[KSequencer[m[K, cycle,53, @ sec,2, msec,19,,2.019,,,,,,,,,,,,
Dec  6 19:57:43 b61-u18-nuc18-ssga seqgen: [01,31m[KSequencer[m[K, cycle,54, @ sec,2, msec,52,,2.052,,,,,,,,,,,,
Dec  6 19:57:43 b61-u18-nuc18-ssga seqgen: [01,31m[KSequencer[m[K, cycle,55, @ sec,2, msec,86,,2.086,,,,,,,,,,,,
Dec  6 19:57:43 b61-u18-nuc18-ssga seqgen: [01,31m[KSequencer[m[K, cycle,56, @ sec,2, msec,119,,2.119,,,,,,,,,,,,
Dec  6 19:57:43 b61-u18-nuc18-ssga seqgen: [01,31m[KSequencer[m[K, cycle,57, @ sec,2, msec,152,,2.152,,,,,,,,,,,,
Dec  6 19:57:43 b61-u18-nuc18-ssga seqgen: [01,31m[KSequencer[m[K, cycle,58, @ sec,2, msec,186,,2.186,,,,,,,,,,,,
Dec  6 19:57:43 b61-u18-nuc18-ssga seqgen: [01,31m[KSequencer[m[K, cycle,59, @ sec,2, msec,219,,2.219,,,,,,,,,,,,
Dec  6 19:57:43 b61-u18-nuc18-ssga seqgen: [01,31m[KSequencer[m[K, cycle,60, @ sec,2, msec,253,,2.253,,,,,,,,,,,,
Dec  6 19:57:43 b61-u18-nuc18-ssga seqgen: [01,31m[KSequencer[m[K, cycle,61, @ sec,2, msec,286,,2.286,,,,,,,,,,,,
Dec  6 19:57:43 b61-u18-nuc18-ssga seqgen: [01,31m[KSequencer[m[K, cycle,62, @ sec,2, msec,319,,2.319,,,,,,,,,,,,
Dec  6 19:57:43 b61-u18-nuc18-ssga seqgen: [01,31m[KSequencer[m[K, cycle,63, @ sec,2, msec,353,,2.353,,,,,,,,,,,,
Dec  6 19:57:43 b61-u18-nuc18-ssga seqgen: [01,31m[KSequencer[m[K, cycle,64, @ sec,2, msec,386,,2.386,,,,,,,,,,,,
Dec  6 19:57:43 b61-u18-nuc18-ssga seqgen: [01,31m[KSequencer[m[K, cycle,65, @ sec,2, msec,419,,2.419,,,,,,,,,,,,
Dec  6 19:57:43 b61-u18-nuc18-ssga seqgen: [01,31m[KSequencer[m[K, cycle,66, @ sec,2, msec,453,,2.453,,,,,,,,,,,,
Dec  6 19:57:43 b61-u18-nuc18-ssga seqgen: [01,31m[KSequencer[m[K, cycle,67, @ sec,2, msec,486,,2.486,,,,,,,,,,,,
Dec  6 19:57:43 b61-u18-nuc18-ssga seqgen: [01,31m[KSequencer[m[K, cycle,68, @ sec,2, msec,519,,2.519,,,,,,,,,,,,
Dec  6 19:57:43 b61-u18-nuc18-ssga seqgen: [01,31m[KSequencer[m[K, cycle,69, @ sec,2, msec,553,,2.553,,,,,,,,,,,,
Dec  6 19:57:43 b61-u18-nuc18-ssga seqgen: [01,31m[KSequencer[m[K, cycle,70, @ sec,2, msec,586,,2.586,,,,,,,,,,,,
Dec  6 19:57:43 b61-u18-nuc18-ssga seqgen: [01,31m[KSequencer[m[K, cycle,71, @ sec,2, msec,619,,2.619,,,,,,,,,,,,
Dec  6 19:57:43 b61-u18-nuc18-ssga seqgen: [01,31m[KSequencer[m[K, cycle,72, @ sec,2, msec,653,,2.653,,,,,,,,,,,,
Dec  6 19:57:43 b61-u18-nuc18-ssga seqgen: [01,31m[KSequencer[m[K, cycle,73, @ sec,2, msec,686,,2.686,,,,,,,,,,,,
Dec  6 19:57:43 b61-u18-nuc18-ssga seqgen: [01,31m[KSequencer[m[K, cycle,74, @ sec,2, msec,719,,2.719,,,,,,,,,,,,
Dec  6 19:57:43 b61-u18-nuc18-ssga seqgen: [01,31m[KSequencer[m[K, cycle,75, @ sec,2, msec,753,,2.753,,,,,,,,,,,,
Dec  6 19:57:43 b61-u18-nuc18-ssga seqgen: [01,31m[KSequencer[m[K, cycle,76, @ sec,2, msec,786,,2.786,,,,,,,,,,,,
Dec  6 19:57:43 b61-u18-nuc18-ssga seqgen: [01,31m[KSequencer[m[K, cycle,77, @ sec,2, msec,819,,2.819,,,,,,,,,,,,
Dec  6 19:57:43 b61-u18-nuc18-ssga seqgen: [01,31m[KSequencer[m[K, cycle,78, @ sec,2, msec,853,,2.853,,,,,,,,,,,,
Dec  6 19:57:43 b61-u18-nuc18-ssga seqgen: [01,31m[KSequencer[m[K, cycle,79, @ sec,2, msec,886,,2.886,,,,,,,,,,,,
Dec  6 19:57:43 b61-u18-nuc18-ssga seqgen: [01,31m[KSequencer[m[K, cycle,80, @ sec,2, msec,920,,2.92,,,,,,,,,,,,
Dec  6 19:57:43 b61-u18-nuc18-ssga seqgen: [01,31m[KSequencer[m[K, cycle,81, @ sec,2, msec,953,,2.953,,,,,,,,,,,,
Dec  6 19:57:43 b61-u18-nuc18-ssga seqgen: [01,31m[KSequencer[m[K, cycle,82, @ sec,2, msec,986,,2.986,,,,,,,,,,,,
Dec  6 19:57:44 b61-u18-nuc18-ssga seqgen: [01,31m[KSequencer[m[K, cycle,83, @ sec,3, msec,20,,3.02,,,,,,,,,,,,
Dec  6 19:57:44 b61-u18-nuc18-ssga seqgen: [01,31m[KSequencer[m[K, cycle,84, @ sec,3, msec,53,,3.053,,,,,,,,,,,,
Dec  6 19:57:44 b61-u18-nuc18-ssga seqgen: [01,31m[KSequencer[m[K, cycle,85, @ sec,3, msec,86,,3.086,,,,,,,,,,,,
Dec  6 19:57:44 b61-u18-nuc18-ssga seqgen: [01,31m[KSequencer[m[K, cycle,86, @ sec,3, msec,120,,3.12,,,,,,,,,,,,
Dec  6 19:57:44 b61-u18-nuc18-ssga seqgen: [01,31m[KSequencer[m[K, cycle,87, @ sec,3, msec,153,,3.153,,,,,,,,,,,,
Dec  6 19:57:44 b61-u18-nuc18-ssga seqgen: [01,31m[KSequencer[m[K, cycle,88, @ sec,3, msec,186,,3.186,,,,,,,,,,,,
Dec  6 19:57:44 b61-u18-nuc18-ssga seqgen: [01,31m[KSequencer[m[K, cycle,89, @ sec,3, msec,220,,3.22,,,,,,,,,,,,
Dec  6 19:57:44 b61-u18-nuc18-ssga seqgen: [01,31m[KSequencer[m[K, cycle,90, @ sec,3, msec,253,,3.253,,,,,,,,,,,,
Dec  6 19:57:44 b61-u18-nuc18-ssga seqgen: [01,31m[KSequencer[m[K, cycle,91, @ sec,3, msec,286,,3.286,,,,,,,,,,,,
Dec  6 19:57:44 b61-u18-nuc18-ssga seqgen: [01,31m[KSequencer[m[K, cycle,92, @ sec,3, msec,320,,3.32,,,,,,,,,,,,
Dec  6 19:57:44 b61-u18-nuc18-ssga seqgen: [01,31m[KSequencer[m[K, cycle,93, @ sec,3, msec,353,,3.353,,,,,,,,,,,,
Dec  6 19:57:44 b61-u18-nuc18-ssga seqgen: [01,31m[KSequencer[m[K, cycle,94, @ sec,3, msec,386,,3.386,,,,,,,,,,,,
Dec  6 19:57:44 b61-u18-nuc18-ssga seqgen: [01,31m[KSequencer[m[K, cycle,95, @ sec,3, msec,420,,3.42,,,,,,,,,,,,
Dec  6 19:57:44 b61-u18-nuc18-ssga seqgen: [01,31m[KSequencer[m[K, cycle,96, @ sec,3, msec,453,,3.453,,,,,,,,,,,,
Dec  6 19:57:44 b61-u18-nuc18-ssga seqgen: [01,31m[KSequencer[m[K, cycle,97, @ sec,3, msec,487,,3.487,,,,,,,,,,,,
Dec  6 19:57:44 b61-u18-nuc18-ssga seqgen: [01,31m[KSequencer[m[K, cycle,98, @ sec,3, msec,520,,3.52,,,,,,,,,,,,
Dec  6 19:57:44 b61-u18-nuc18-ssga seqgen: [01,31m[KSequencer[m[K, cycle,99, @ sec,3, msec,553,,3.553,,,,,,,,,,,,
Dec  6 19:57:44 b61-u18-nuc18-ssga seqgen: [01,31m[KSequencer[m[K, cycle,100, @ sec,3, msec,587,,3.587,,,,,,,,,,,,
Dec  6 19:57:44 b61-u18-nuc18-ssga seqgen: [01,31m[KSequencer[m[K, cycle,101, @ sec,3, msec,620,,3.62,,,,,,,,,,,,
Dec  6 19:57:44 b61-u18-nuc18-ssga seqgen: [01,31m[KSequencer[m[K, cycle,102, @ sec,3, msec,653,,3.653,,,,,,,,,,,,
Dec  6 19:57:44 b61-u18-nuc18-ssga seqgen: [01,31m[KSequencer[m[K, cycle,103, @ sec,3, msec,687,,3.687,,,,,,,,,,,,
Dec  6 19:57:44 b61-u18-nuc18-ssga seqgen: [01,31m[KSequencer[m[K, cycle,104, @ sec,3, msec,720,,3.72,,,,,,,,,,,,
Dec  6 19:57:44 b61-u18-nuc18-ssga seqgen: [01,31m[KSequencer[m[K, cycle,105, @ sec,3, msec,753,,3.753,,,,,,,,,,,,
Dec  6 19:57:44 b61-u18-nuc18-ssga seqgen: [01,31m[KSequencer[m[K, cycle,106, @ sec,3, msec,787,,3.787,,,,,,,,,,,,
Dec  6 19:57:44 b61-u18-nuc18-ssga seqgen: [01,31m[KSequencer[m[K, cycle,107, @ sec,3, msec,820,,3.82,,,,,,,,,,,,
Dec  6 19:57:44 b61-u18-nuc18-ssga seqgen: [01,31m[KSequencer[m[K, cycle,108, @ sec,3, msec,853,,3.853,,,,,,,,,,,,
Dec  6 19:57:44 b61-u18-nuc18-ssga seqgen: [01,31m[KSequencer[m[K, cycle,109, @ sec,3, msec,887,,3.887,,,,,,,,,,,,
Dec  6 19:57:44 b61-u18-nuc18-ssga seqgen: [01,31m[KSequencer[m[K, cycle,110, @ sec,3, msec,920,,3.92,,,,,,,,,,,,
Dec  6 19:57:44 b61-u18-nuc18-ssga seqgen: [01,31m[KSequencer[m[K, cycle,111, @ sec,3, msec,953,,3.953,,,,,,,,,,,,
Dec  6 19:57:44 b61-u18-nuc18-ssga seqgen: [01,31m[KSequencer[m[K, cycle,112, @ sec,3, msec,987,,3.987,,,,,,,,,,,,
Dec  6 19:57:45 b61-u18-nuc18-ssga seqgen: [01,31m[KSequencer[m[K, cycle,113, @ sec,4, msec,20,,4.02,,,,,,,,,,,,
Dec  6 19:57:45 b61-u18-nuc18-ssga seqgen: [01,31m[KSequencer[m[K, cycle,114, @ sec,4, msec,53,,4.053,,,,,,,,,,,,
Dec  6 19:57:45 b61-u18-nuc18-ssga seqgen: [01,31m[KSequencer[m[K, cycle,115, @ sec,4, msec,87,,4.087,,,,,,,,,,,,
Dec  6 19:57:45 b61-u18-nuc18-ssga seqgen: [01,31m[KSequencer[m[K, cycle,116, @ sec,4, msec,120,,4.12,,,,,,,,,,,,
Dec  6 19:57:45 b61-u18-nuc18-ssga seqgen: [01,31m[KSequencer[m[K, cycle,117, @ sec,4, msec,154,,4.154,,,,,,,,,,,,
Dec  6 19:57:45 b61-u18-nuc18-ssga seqgen: [01,31m[KSequencer[m[K, cycle,118, @ sec,4, msec,187,,4.187,,,,,,,,,,,,
Dec  6 19:57:45 b61-u18-nuc18-ssga seqgen: [01,31m[KSequencer[m[K, cycle,119, @ sec,4, msec,220,,4.22,,,,,,,,,,,,
Dec  6 19:57:45 b61-u18-nuc18-ssga seqgen: [01,31m[KSequencer[m[K, cycle,120, @ sec,4, msec,254,,4.254,,,,,,,,,,,,
Dec  6 19:57:45 b61-u18-nuc18-ssga seqgen: [01,31m[KSequencer[m[K, cycle,121, @ sec,4, msec,287,,4.287,,,,,,,,,,,,
Dec  6 19:57:45 b61-u18-nuc18-ssga seqgen: [01,31m[KSequencer[m[K, cycle,122, @ sec,4, msec,320,,4.32,,,,,,,,,,,,
Dec  6 19:57:45 b61-u18-nuc18-ssga seqgen: [01,31m[KSequencer[m[K, cycle,123, @ sec,4, msec,354,,4.354,,,,,,,,,,,,
Dec  6 19:57:45 b61-u18-nuc18-ssga seqgen: [01,31m[KSequencer[m[K, cycle,124, @ sec,4, msec,387,,4.387,,,,,,,,,,,,
Dec  6 19:57:45 b61-u18-nuc18-ssga seqgen: [01,31m[KSequencer[m[K, cycle,125, @ sec,4, msec,420,,4.42,,,,,,,,,,,,
Dec  6 19:57:45 b61-u18-nuc18-ssga seqgen: [01,31m[KSequencer[m[K, cycle,126, @ sec,4, msec,454,,4.454,,,,,,,,,,,,
Dec  6 19:57:45 b61-u18-nuc18-ssga seqgen: [01,31m[KSequencer[m[K, cycle,127, @ sec,4, msec,487,,4.487,,,,,,,,,,,,
Dec  6 19:57:45 b61-u18-nuc18-ssga seqgen: [01,31m[KSequencer[m[K, cycle,128, @ sec,4, msec,520,,4.52,,,,,,,,,,,,
Dec  6 19:57:45 b61-u18-nuc18-ssga seqgen: [01,31m[KSequencer[m[K, cycle,129, @ sec,4, msec,554,,4.554,,,,,,,,,,,,
Dec  6 19:57:45 b61-u18-nuc18-ssga seqgen: [01,31m[KSequencer[m[K, cycle,130, @ sec,4, msec,587,,4.587,,,,,,,,,,,,
Dec  6 19:57:45 b61-u18-nuc18-ssga seqgen: [01,31m[KSequencer[m[K, cycle,131, @ sec,4, msec,620,,4.62,,,,,,,,,,,,
Dec  6 19:57:45 b61-u18-nuc18-ssga seqgen: [01,31m[KSequencer[m[K, cycle,132, @ sec,4, msec,654,,4.654,,,,,,,,,,,,
Dec  6 19:57:45 b61-u18-nuc18-ssga seqgen: [01,31m[KSequencer[m[K, cycle,133, @ sec,4, msec,687,,4.687,,,,,,,,,,,,
Dec  6 19:57:45 b61-u18-nuc18-ssga seqgen: [01,31m[KSequencer[m[K, cycle,134, @ sec,4, msec,721,,4.721,,,,,,,,,,,,
Dec  6 19:57:45 b61-u18-nuc18-ssga seqgen: [01,31m[KSequencer[m[K, cycle,135, @ sec,4, msec,754,,4.754,,,,,,,,,,,,
Dec  6 19:57:45 b61-u18-nuc18-ssga seqgen: [01,31m[KSequencer[m[K, cycle,136, @ sec,4, msec,787,,4.787,,,,,,,,,,,,
Dec  6 19:57:45 b61-u18-nuc18-ssga seqgen: [01,31m[KSequencer[m[K, cycle,137, @ sec,4, msec,821,,4.821,,,,,,,,,,,,
Dec  6 19:57:45 b61-u18-nuc18-ssga seqgen: [01,31m[KSequencer[m[K, cycle,138, @ sec,4, msec,854,,4.854,,,,,,,,,,,,
Dec  6 19:57:45 b61-u18-nuc18-ssga seqgen: [01,31m[KSequencer[m[K, cycle,139, @ sec,4, msec,887,,4.887,,,,,,,,,,,,
Dec  6 19:57:45 b61-u18-nuc18-ssga seqgen: [01,31m[KSequencer[m[K, cycle,140, @ sec,4, msec,921,,4.921,,,,,,,,,,,,
Dec  6 19:57:45 b61-u18-nuc18-ssga seqgen: [01,31m[KSequencer[m[K, cycle,141, @ sec,4, msec,954,,4.954,,,,,,,,,,,,
Dec  6 19:57:45 b61-u18-nuc18-ssga seqgen: [01,31m[KSequencer[m[K, cycle,142, @ sec,4, msec,987,,4.987,,,,,,,,,,,,
Dec  6 19:57:46 b61-u18-nuc18-ssga seqgen: [01,31m[KSequencer[m[K, cycle,143, @ sec,5, msec,21,,5.021,,,,,,,,,,,,
Dec  6 19:57:46 b61-u18-nuc18-ssga seqgen: [01,31m[KSequencer[m[K, cycle,144, @ sec,5, msec,54,,5.054,,,,,,,,,,,,
Dec  6 19:57:46 b61-u18-nuc18-ssga seqgen: [01,31m[KSequencer[m[K, cycle,145, @ sec,5, msec,87,,5.087,,,,,,,,,,,,
Dec  6 19:57:46 b61-u18-nuc18-ssga seqgen: [01,31m[KSequencer[m[K, cycle,146, @ sec,5, msec,121,,5.121,,,,,,,,,,,,
Dec  6 19:57:46 b61-u18-nuc18-ssga seqgen: [01,31m[KSequencer[m[K, cycle,147, @ sec,5, msec,154,,5.154,,,,,,,,,,,,
Dec  6 19:57:46 b61-u18-nuc18-ssga seqgen: [01,31m[KSequencer[m[K, cycle,148, @ sec,5, msec,188,,5.188,,,,,,,,,,,,
Dec  6 19:57:46 b61-u18-nuc18-ssga seqgen: [01,31m[KSequencer[m[K, cycle,149, @ sec,5, msec,221,,5.221,,,,,,,,,,,,
Dec  6 19:57:46 b61-u18-nuc18-ssga seqgen: [01,31m[KSequencer[m[K, cycle,150, @ sec,5, msec,254,,5.254,,,,,,,,,,,,
Dec  6 19:57:46 b61-u18-nuc18-ssga seqgen: [01,31m[KSequencer[m[K, cycle,151, @ sec,5, msec,288,,5.288,,,,,,,,,,,,
Dec  6 19:57:46 b61-u18-nuc18-ssga seqgen: [01,31m[KSequencer[m[K, cycle,152, @ sec,5, msec,321,,5.321,,,,,,,,,,,,
Dec  6 19:57:46 b61-u18-nuc18-ssga seqgen: [01,31m[KSequencer[m[K, cycle,153, @ sec,5, msec,354,,5.354,,,,,,,,,,,,
Dec  6 19:57:46 b61-u18-nuc18-ssga seqgen: [01,31m[KSequencer[m[K, cycle,154, @ sec,5, msec,388,,5.388,,,,,,,,,,,,
Dec  6 19:57:46 b61-u18-nuc18-ssga seqgen: [01,31m[KSequencer[m[K, cycle,155, @ sec,5, msec,421,,5.421,,,,,,,,,,,,
Dec  6 19:57:46 b61-u18-nuc18-ssga seqgen: [01,31m[KSequencer[m[K, cycle,156, @ sec,5, msec,454,,5.454,,,,,,,,,,,,
Dec  6 19:57:46 b61-u18-nuc18-ssga seqgen: [01,31m[KSequencer[m[K, cycle,157, @ sec,5, msec,488,,5.488,,,,,,,,,,,,
Dec  6 19:57:46 b61-u18-nuc18-ssga seqgen: [01,31m[KSequencer[m[K, cycle,158, @ sec,5, msec,521,,5.521,,,,,,,,,,,,
Dec  6 19:57:46 b61-u18-nuc18-ssga seqgen: [01,31m[KSequencer[m[K, cycle,159, @ sec,5, msec,554,,5.554,,,,,,,,,,,,
Dec  6 19:57:46 b61-u18-nuc18-ssga seqgen: [01,31m[KSequencer[m[K, cycle,160, @ sec,5, msec,588,,5.588,,,,,,,,,,,,
Dec  6 19:57:46 b61-u18-nuc18-ssga seqgen: [01,31m[KSequencer[m[K, cycle,161, @ sec,5, msec,621,,5.621,,,,,,,,,,,,
Dec  6 19:57:46 b61-u18-nuc18-ssga seqgen: [01,31m[KSequencer[m[K, cycle,162, @ sec,5, msec,654,,5.654,,,,,,,,,,,,
Dec  6 19:57:46 b61-u18-nuc18-ssga seqgen: [01,31m[KSequencer[m[K, cycle,163, @ sec,5, msec,688,,5.688,,,,,,,,,,,,
Dec  6 19:57:46 b61-u18-nuc18-ssga seqgen: [01,31m[KSequencer[m[K, cycle,164, @ sec,5, msec,721,,5.721,,,,,,,,,,,,
Dec  6 19:57:46 b61-u18-nuc18-ssga seqgen: [01,31m[KSequencer[m[K, cycle,165, @ sec,5, msec,755,,5.755,,,,,,,,,,,,
Dec  6 19:57:46 b61-u18-nuc18-ssga seqgen: [01,31m[KSequencer[m[K, cycle,166, @ sec,5, msec,788,,5.788,,,,,,,,,,,,
Dec  6 19:57:46 b61-u18-nuc18-ssga seqgen: [01,31m[KSequencer[m[K, cycle,167, @ sec,5, msec,821,,5.821,,,,,,,,,,,,
Dec  6 19:57:46 b61-u18-nuc18-ssga seqgen: [01,31m[KSequencer[m[K, cycle,168, @ sec,5, msec,855,,5.855,,,,,,,,,,,,
Dec  6 19:57:46 b61-u18-nuc18-ssga seqgen: [01,31m[KSequencer[m[K, cycle,169, @ sec,5, msec,888,,5.888,,,,,,,,,,,,
Dec  6 19:57:46 b61-u18-nuc18-ssga seqgen: [01,31m[KSequencer[m[K, cycle,170, @ sec,5, msec,921,,5.921,,,,,,,,,,,,
Dec  6 19:57:46 b61-u18-nuc18-ssga seqgen: [01,31m[KSequencer[m[K, cycle,171, @ sec,5, msec,955,,5.955,,,,,,,,,,,,
Dec  6 19:57:46 b61-u18-nuc18-ssga seqgen: [01,31m[KSequencer[m[K, cycle,172, @ sec,5, msec,988,,5.988,,,,,,,,,,,,
Dec  6 19:57:47 b61-u18-nuc18-ssga seqgen: [01,31m[KSequencer[m[K, cycle,173, @ sec,6, msec,21,,6.021,,,,,,,,,,,,
Dec  6 19:57:47 b61-u18-nuc18-ssga seqgen: [01,31m[KSequencer[m[K, cycle,174, @ sec,6, msec,55,,6.055,,,,,,,,,,,,
Dec  6 19:57:47 b61-u18-nuc18-ssga seqgen: [01,31m[KSequencer[m[K, cycle,175, @ sec,6, msec,88,,6.088,,,,,,,,,,,,
Dec  6 19:57:47 b61-u18-nuc18-ssga seqgen: [01,31m[KSequencer[m[K, cycle,176, @ sec,6, msec,121,,6.121,,,,,,,,,,,,
Dec  6 19:57:47 b61-u18-nuc18-ssga seqgen: [01,31m[KSequencer[m[K, cycle,177, @ sec,6, msec,155,,6.155,,,,,,,,,,,,
Dec  6 19:57:47 b61-u18-nuc18-ssga seqgen: [01,31m[KSequencer[m[K, cycle,178, @ sec,6, msec,188,,6.188,,,,,,,,,,,,
Dec  6 19:57:47 b61-u18-nuc18-ssga seqgen: [01,31m[KSequencer[m[K, cycle,179, @ sec,6, msec,222,,6.222,,,,,,,,,,,,
Dec  6 19:57:47 b61-u18-nuc18-ssga seqgen: [01,31m[KSequencer[m[K, cycle,180, @ sec,6, msec,255,,6.255,,,,,,,,,,,,
Dec  6 19:57:47 b61-u18-nuc18-ssga seqgen: [01,31m[KSequencer[m[K, cycle,181, @ sec,6, msec,288,,6.288,,,,,,,,,,,,
Dec  6 19:57:47 b61-u18-nuc18-ssga seqgen: [01,31m[KSequencer[m[K, cycle,182, @ sec,6, msec,322,,6.322,,,,,,,,,,,,
Dec  6 19:57:47 b61-u18-nuc18-ssga seqgen: [01,31m[KSequencer[m[K, cycle,183, @ sec,6, msec,355,,6.355,,,,,,,,,,,,
Dec  6 19:57:47 b61-u18-nuc18-ssga seqgen: [01,31m[KSequencer[m[K, cycle,184, @ sec,6, msec,388,,6.388,,,,,,,,,,,,
Dec  6 19:57:47 b61-u18-nuc18-ssga seqgen: [01,31m[KSequencer[m[K, cycle,185, @ sec,6, msec,422,,6.422,,,,,,,,,,,,
Dec  6 19:57:47 b61-u18-nuc18-ssga seqgen: [01,31m[KSequencer[m[K, cycle,186, @ sec,6, msec,455,,6.455,,,,,,,,,,,,
Dec  6 19:57:47 b61-u18-nuc18-ssga seqgen: [01,31m[KSequencer[m[K, cycle,187, @ sec,6, msec,488,,6.488,,,,,,,,,,,,
Dec  6 19:57:47 b61-u18-nuc18-ssga seqgen: [01,31m[KSequencer[m[K, cycle,188, @ sec,6, msec,522,,6.522,,,,,,,,,,,,
Dec  6 19:57:47 b61-u18-nuc18-ssga seqgen: [01,31m[KSequencer[m[K, cycle,189, @ sec,6, msec,555,,6.555,,,,,,,,,,,,
Dec  6 19:57:47 b61-u18-nuc18-ssga seqgen: [01,31m[KSequencer[m[K, cycle,190, @ sec,6, msec,588,,6.588,,,,,,,,,,,,
Dec  6 19:57:47 b61-u18-nuc18-ssga seqgen: [01,31m[KSequencer[m[K, cycle,191, @ sec,6, msec,622,,6.622,,,,,,,,,,,,
Dec  6 19:57:47 b61-u18-nuc18-ssga seqgen: [01,31m[KSequencer[m[K, cycle,192, @ sec,6, msec,655,,6.655,,,,,,,,,,,,
Dec  6 19:57:47 b61-u18-nuc18-ssga seqgen: [01,31m[KSequencer[m[K, cycle,193, @ sec,6, msec,688,,6.688,,,,,,,,,,,,
Dec  6 19:57:47 b61-u18-nuc18-ssga seqgen: [01,31m[KSequencer[m[K, cycle,194, @ sec,6, msec,722,,6.722,,,,,,,,,,,,
Dec  6 19:57:47 b61-u18-nuc18-ssga seqgen: [01,31m[KSequencer[m[K, cycle,195, @ sec,6, msec,755,,6.755,,,,,,,,,,,,
Dec  6 19:57:47 b61-u18-nuc18-ssga seqgen: [01,31m[KSequencer[m[K, cycle,196, @ sec,6, msec,789,,6.789,,,,,,,,,,,,
Dec  6 19:57:47 b61-u18-nuc18-ssga seqgen: [01,31m[KSequencer[m[K, cycle,197, @ sec,6, msec,822,,6.822,,,,,,,,,,,,
Dec  6 19:57:47 b61-u18-nuc18-ssga seqgen: [01,31m[KSequencer[m[K, cycle,198, @ sec,6, msec,855,,6.855,,,,,,,,,,,,
Dec  6 19:57:47 b61-u18-nuc18-ssga seqgen: [01,31m[KSequencer[m[K, cycle,199, @ sec,6, msec,889,,6.889,,,,,,,,,,,,
Dec  6 19:57:47 b61-u18-nuc18-ssga seqgen: [01,31m[KSequencer[m[K, cycle,200, @ sec,6, msec,922,,6.922,,,,,,,,,,,,
Dec  6 19:57:47 b61-u18-nuc18-ssga seqgen: [01,31m[KSequencer[m[K, cycle,201, @ sec,6, msec,955,,6.955,,,,,,,,,,,,
Dec  6 19:57:47 b61-u18-nuc18-ssga seqgen: [01,31m[KSequencer[m[K, cycle,202, @ sec,6, msec,989,,6.989,,,,,,,,,,,,
Dec  6 19:57:48 b61-u18-nuc18-ssga seqgen: [01,31m[KSequencer[m[K, cycle,203, @ sec,7, msec,22,,7.022,,,,,,,,,,,,
Dec  6 19:57:48 b61-u18-nuc18-ssga seqgen: [01,31m[KSequencer[m[K, cycle,204, @ sec,7, msec,55,,7.055,,,,,,,,,,,,
Dec  6 19:57:48 b61-u18-nuc18-ssga seqgen: [01,31m[KSequencer[m[K, cycle,205, @ sec,7, msec,89,,7.089,,,,,,,,,,,,
Dec  6 19:57:48 b61-u18-nuc18-ssga seqgen: [01,31m[KSequencer[m[K, cycle,206, @ sec,7, msec,122,,7.122,,,,,,,,,,,,
Dec  6 19:57:48 b61-u18-nuc18-ssga seqgen: [01,31m[KSequencer[m[K, cycle,207, @ sec,7, msec,155,,7.155,,,,,,,,,,,,
Dec  6 19:57:48 b61-u18-nuc18-ssga seqgen: [01,31m[KSequencer[m[K, cycle,208, @ sec,7, msec,189,,7.189,,,,,,,,,,,,
Dec  6 19:57:48 b61-u18-nuc18-ssga seqgen: [01,31m[KSequencer[m[K, cycle,209, @ sec,7, msec,222,,7.222,,,,,,,,,,,,
Dec  6 19:57:48 b61-u18-nuc18-ssga seqgen: [01,31m[KSequencer[m[K, cycle,210, @ sec,7, msec,255,,7.255,,,,,,,,,,,,
Dec  6 19:57:48 b61-u18-nuc18-ssga seqgen: [01,31m[KSequencer[m[K, cycle,211, @ sec,7, msec,289,,7.289,,,,,,,,,,,,
Dec  6 19:57:48 b61-u18-nuc18-ssga seqgen: [01,31m[KSequencer[m[K, cycle,212, @ sec,7, msec,322,,7.322,,,,,,,,,,,,
Dec  6 19:57:48 b61-u18-nuc18-ssga seqgen: [01,31m[KSequencer[m[K, cycle,213, @ sec,7, msec,356,,7.356,,,,,,,,,,,,
Dec  6 19:57:48 b61-u18-nuc18-ssga seqgen: [01,31m[KSequencer[m[K, cycle,214, @ sec,7, msec,389,,7.389,,,,,,,,,,,,
Dec  6 19:57:48 b61-u18-nuc18-ssga seqgen: [01,31m[KSequencer[m[K, cycle,215, @ sec,7, msec,422,,7.422,,,,,,,,,,,,
Dec  6 19:57:48 b61-u18-nuc18-ssga seqgen: [01,31m[KSequencer[m[K, cycle,216, @ sec,7, msec,456,,7.456,,,,,,,,,,,,
Dec  6 19:57:48 b61-u18-nuc18-ssga seqgen: [01,31m[KSequencer[m[K, cycle,217, @ sec,7, msec,489,,7.489,,,,,,,,,,,,
Dec  6 19:57:48 b61-u18-nuc18-ssga seqgen: [01,31m[KSequencer[m[K, cycle,218, @ sec,7, msec,522,,7.522,,,,,,,,,,,,
Dec  6 19:57:48 b61-u18-nuc18-ssga seqgen: [01,31m[KSequencer[m[K, cycle,219, @ sec,7, msec,556,,7.556,,,,,,,,,,,,
Dec  6 19:57:48 b61-u18-nuc18-ssga seqgen: [01,31m[KSequencer[m[K, cycle,220, @ sec,7, msec,589,,7.589,,,,,,,,,,,,
Dec  6 19:57:48 b61-u18-nuc18-ssga seqgen: [01,31m[KSequencer[m[K, cycle,221, @ sec,7, msec,622,,7.622,,,,,,,,,,,,
Dec  6 19:57:48 b61-u18-nuc18-ssga seqgen: [01,31m[KSequencer[m[K, cycle,222, @ sec,7, msec,656,,7.656,,,,,,,,,,,,
Dec  6 19:57:48 b61-u18-nuc18-ssga seqgen: [01,31m[KSequencer[m[K, cycle,223, @ sec,7, msec,689,,7.689,,,,,,,,,,,,
Dec  6 19:57:48 b61-u18-nuc18-ssga seqgen: [01,31m[KSequencer[m[K, cycle,224, @ sec,7, msec,722,,7.722,,,,,,,,,,,,
Dec  6 19:57:48 b61-u18-nuc18-ssga seqgen: [01,31m[KSequencer[m[K, cycle,225, @ sec,7, msec,756,,7.756,,,,,,,,,,,,
Dec  6 19:57:48 b61-u18-nuc18-ssga seqgen: [01,31m[KSequencer[m[K, cycle,226, @ sec,7, msec,789,,7.789,,,,,,,,,,,,
Dec  6 19:57:48 b61-u18-nuc18-ssga seqgen: [01,31m[KSequencer[m[K, cycle,227, @ sec,7, msec,822,,7.822,,,,,,,,,,,,
Dec  6 19:57:48 b61-u18-nuc18-ssga seqgen: [01,31m[KSequencer[m[K, cycle,228, @ sec,7, msec,856,,7.856,,,,,,,,,,,,
Dec  6 19:57:48 b61-u18-nuc18-ssga seqgen: [01,31m[KSequencer[m[K, cycle,229, @ sec,7, msec,889,,7.889,,,,,,,,,,,,
Dec  6 19:57:48 b61-u18-nuc18-ssga seqgen: [01,31m[KSequencer[m[K, cycle,230, @ sec,7, msec,922,,7.922,,,,,,,,,,,,
Dec  6 19:57:48 b61-u18-nuc18-ssga seqgen: [01,31m[KSequencer[m[K, cycle,231, @ sec,7, msec,956,,7.956,,,,,,,,,,,,
Dec  6 19:57:48 b61-u18-nuc18-ssga seqgen: [01,31m[KSequencer[m[K, cycle,232, @ sec,7, msec,989,,7.989,,,,,,,,,,,,
Dec  6 19:57:49 b61-u18-nuc18-ssga seqgen: [01,31m[KSequencer[m[K, cycle,233, @ sec,8, msec,23,,8.023,,,,,,,,,,,,
Dec  6 19:57:49 b61-u18-nuc18-ssga seqgen: [01,31m[KSequencer[m[K, cycle,234, @ sec,8, msec,56,,8.056,,,,,,,,,,,,
Dec  6 19:57:49 b61-u18-nuc18-ssga seqgen: [01,31m[KSequencer[m[K, cycle,235, @ sec,8, msec,89,,8.089,,,,,,,,,,,,
Dec  6 19:57:49 b61-u18-nuc18-ssga seqgen: [01,31m[KSequencer[m[K, cycle,236, @ sec,8, msec,123,,8.123,,,,,,,,,,,,
Dec  6 19:57:49 b61-u18-nuc18-ssga seqgen: [01,31m[KSequencer[m[K, cycle,237, @ sec,8, msec,156,,8.156,,,,,,,,,,,,
Dec  6 19:57:49 b61-u18-nuc18-ssga seqgen: [01,31m[KSequencer[m[K, cycle,238, @ sec,8, msec,189,,8.189,,,,,,,,,,,,
Dec  6 19:57:49 b61-u18-nuc18-ssga seqgen: [01,31m[KSequencer[m[K, cycle,239, @ sec,8, msec,223,,8.223,,,,,,,,,,,,
Dec  6 19:57:49 b61-u18-nuc18-ssga seqgen: [01,31m[KSequencer[m[K, cycle,240, @ sec,8, msec,256,,8.256,,,,,,,,,,,,
Dec  6 19:57:49 b61-u18-nuc18-ssga seqgen: [01,31m[KSequencer[m[K, cycle,241, @ sec,8, msec,289,,8.289,,,,,,,,,,,,
Dec  6 19:57:49 b61-u18-nuc18-ssga seqgen: [01,31m[KSequencer[m[K, cycle,242, @ sec,8, msec,323,,8.323,,,,,,,,,,,,
Dec  6 19:57:49 b61-u18-nuc18-ssga seqgen: [01,31m[KSequencer[m[K, cycle,243, @ sec,8, msec,356,,8.356,,,,,,,,,,,,
Dec  6 19:57:49 b61-u18-nuc18-ssga seqgen: [01,31m[KSequencer[m[K, cycle,244, @ sec,8, msec,389,,8.389,,,,,,,,,,,,
Dec  6 19:57:49 b61-u18-nuc18-ssga seqgen: [01,31m[KSequencer[m[K, cycle,245, @ sec,8, msec,423,,8.423,,,,,,,,,,,,
Dec  6 19:57:49 b61-u18-nuc18-ssga seqgen: [01,31m[KSequencer[m[K, cycle,246, @ sec,8, msec,456,,8.456,,,,,,,,,,,,
Dec  6 19:57:49 b61-u18-nuc18-ssga seqgen: [01,31m[KSequencer[m[K, cycle,247, @ sec,8, msec,490,,8.49,,,,,,,,,,,,
Dec  6 19:57:49 b61-u18-nuc18-ssga seqgen: [01,31m[KSequencer[m[K, cycle,248, @ sec,8, msec,523,,8.523,,,,,,,,,,,,
Dec  6 19:57:49 b61-u18-nuc18-ssga seqgen: [01,31m[KSequencer[m[K, cycle,249, @ sec,8, msec,556,,8.556,,,,,,,,,,,,
Dec  6 19:57:49 b61-u18-nuc18-ssga seqgen: [01,31m[KSequencer[m[K, cycle,250, @ sec,8, msec,590,,8.59,,,,,,,,,,,,
Dec  6 19:57:49 b61-u18-nuc18-ssga seqgen: [01,31m[KSequencer[m[K, cycle,251, @ sec,8, msec,623,,8.623,,,,,,,,,,,,
Dec  6 19:57:49 b61-u18-nuc18-ssga seqgen: [01,31m[KSequencer[m[K, cycle,252, @ sec,8, msec,656,,8.656,,,,,,,,,,,,
Dec  6 19:57:49 b61-u18-nuc18-ssga seqgen: [01,31m[KSequencer[m[K, cycle,253, @ sec,8, msec,690,,8.69,,,,,,,,,,,,
Dec  6 19:57:49 b61-u18-nuc18-ssga seqgen: [01,31m[KSequencer[m[K, cycle,254, @ sec,8, msec,723,,8.723,,,,,,,,,,,,
Dec  6 19:57:49 b61-u18-nuc18-ssga seqgen: [01,31m[KSequencer[m[K, cycle,255, @ sec,8, msec,756,,8.756,,,,,,,,,,,,
Dec  6 19:57:49 b61-u18-nuc18-ssga seqgen: [01,31m[KSequencer[m[K, cycle,256, @ sec,8, msec,790,,8.79,,,,,,,,,,,,
Dec  6 19:57:49 b61-u18-nuc18-ssga seqgen: [01,31m[KSequencer[m[K, cycle,257, @ sec,8, msec,823,,8.823,,,,,,,,,,,,
Dec  6 19:57:49 b61-u18-nuc18-ssga seqgen: [01,31m[KSequencer[m[K, cycle,258, @ sec,8, msec,856,,8.856,,,,,,,,,,,,
Dec  6 19:57:49 b61-u18-nuc18-ssga seqgen: [01,31m[KSequencer[m[K, cycle,259, @ sec,8, msec,890,,8.89,,,,,,,,,,,,
Dec  6 19:57:49 b61-u18-nuc18-ssga seqgen: [01,31m[KSequencer[m[K, cycle,260, @ sec,8, msec,923,,8.923,,,,,,,,,,,,
Dec  6 19:57:49 b61-u18-nuc18-ssga seqgen: [01,31m[KSequencer[m[K, cycle,261, @ sec,8, msec,956,,8.956,,,,,,,,,,,,
Dec  6 19:57:49 b61-u18-nuc18-ssga seqgen: [01,31m[KSequencer[m[K, cycle,262, @ sec,8, msec,990,,8.99,,,,,,,,,,,,
Dec  6 19:57:50 b61-u18-nuc18-ssga seqgen: [01,31m[KSequencer[m[K, cycle,263, @ sec,9, msec,23,,9.023,,,,,,,,,,,,
Dec  6 19:57:50 b61-u18-nuc18-ssga seqgen: [01,31m[KSequencer[m[K, cycle,264, @ sec,9, msec,57,,9.057,,,,,,,,,,,,
Dec  6 19:57:50 b61-u18-nuc18-ssga seqgen: [01,31m[KSequencer[m[K, cycle,265, @ sec,9, msec,90,,9.09,,,,,,,,,,,,
Dec  6 19:57:50 b61-u18-nuc18-ssga seqgen: [01,31m[KSequencer[m[K, cycle,266, @ sec,9, msec,123,,9.123,,,,,,,,,,,,
Dec  6 19:57:50 b61-u18-nuc18-ssga seqgen: [01,31m[KSequencer[m[K, cycle,267, @ sec,9, msec,157,,9.157,,,,,,,,,,,,
Dec  6 19:57:50 b61-u18-nuc18-ssga seqgen: [01,31m[KSequencer[m[K, cycle,268, @ sec,9, msec,190,,9.19,,,,,,,,,,,,
Dec  6 19:57:50 b61-u18-nuc18-ssga seqgen: [01,31m[KSequencer[m[K, cycle,269, @ sec,9, msec,223,,9.223,,,,,,,,,,,,
Dec  6 19:57:50 b61-u18-nuc18-ssga seqgen: [01,31m[KSequencer[m[K, cycle,270, @ sec,9, msec,257,,9.257,,,,,,,,,,,,
Dec  6 19:57:50 b61-u18-nuc18-ssga seqgen: [01,31m[KSequencer[m[K, cycle,271, @ sec,9, msec,290,,9.29,,,,,,,,,,,,
Dec  6 19:57:50 b61-u18-nuc18-ssga seqgen: [01,31m[KSequencer[m[K, cycle,272, @ sec,9, msec,323,,9.323,,,,,,,,,,,,
Dec  6 19:57:50 b61-u18-nuc18-ssga seqgen: [01,31m[KSequencer[m[K, cycle,273, @ sec,9, msec,357,,9.357,,,,,,,,,,,,
Dec  6 19:57:50 b61-u18-nuc18-ssga seqgen: [01,31m[KSequencer[m[K, cycle,274, @ sec,9, msec,390,,9.39,,,,,,,,,,,,
Dec  6 19:57:50 b61-u18-nuc18-ssga seqgen: [01,31m[KSequencer[m[K, cycle,275, @ sec,9, msec,423,,9.423,,,,,,,,,,,,
Dec  6 19:57:50 b61-u18-nuc18-ssga seqgen: [01,31m[KSequencer[m[K, cycle,276, @ sec,9, msec,457,,9.457,,,,,,,,,,,,
Dec  6 19:57:50 b61-u18-nuc18-ssga seqgen: [01,31m[KSequencer[m[K, cycle,277, @ sec,9, msec,490,,9.49,,,,,,,,,,,,
Dec  6 19:57:50 b61-u18-nuc18-ssga seqgen: [01,31m[KSequencer[m[K, cycle,278, @ sec,9, msec,523,,9.523,,,,,,,,,,,,
Dec  6 19:57:50 b61-u18-nuc18-ssga seqgen: [01,31m[KSequencer[m[K, cycle,279, @ sec,9, msec,557,,9.557,,,,,,,,,,,,
Dec  6 19:57:50 b61-u18-nuc18-ssga seqgen: [01,31m[KSequencer[m[K, cycle,280, @ sec,9, msec,590,,9.59,,,,,,,,,,,,
Dec  6 19:57:50 b61-u18-nuc18-ssga seqgen: [01,31m[KSequencer[m[K, cycle,281, @ sec,9, msec,623,,9.623,,,,,,,,,,,,
Dec  6 19:57:50 b61-u18-nuc18-ssga seqgen: [01,31m[KSequencer[m[K, cycle,282, @ sec,9, msec,657,,9.657,,,,,,,,,,,,
Dec  6 19:57:50 b61-u18-nuc18-ssga seqgen: [01,31m[KSequencer[m[K, cycle,283, @ sec,9, msec,690,,9.69,,,,,,,,,,,,
Dec  6 19:57:50 b61-u18-nuc18-ssga seqgen: [01,31m[KSequencer[m[K, cycle,284, @ sec,9, msec,724,,9.724,,,,,,,,,,,,
Dec  6 19:57:50 b61-u18-nuc18-ssga seqgen: [01,31m[KSequencer[m[K, cycle,285, @ sec,9, msec,757,,9.757,,,,,,,,,,,,
Dec  6 19:57:50 b61-u18-nuc18-ssga seqgen: [01,31m[KSequencer[m[K, cycle,286, @ sec,9, msec,790,,9.79,,,,,,,,,,,,
Dec  6 19:57:50 b61-u18-nuc18-ssga seqgen: [01,31m[KSequencer[m[K, cycle,287, @ sec,9, msec,824,,9.824,,,,,,,,,,,,
Dec  6 19:57:50 b61-u18-nuc18-ssga seqgen: [01,31m[KSequencer[m[K, cycle,288, @ sec,9, msec,857,,9.857,,,,,,,,,,,,
Dec  6 19:57:50 b61-u18-nuc18-ssga seqgen: [01,31m[KSequencer[m[K, cycle,289, @ sec,9, msec,890,,9.89,,,,,,,,,,,,
Dec  6 19:57:50 b61-u18-nuc18-ssga seqgen: [01,31m[KSequencer[m[K, cycle,290, @ sec,9, msec,924,,9.924,,,,,,,,,,,,
Dec  6 19:57:50 b61-u18-nuc18-ssga seqgen: [01,31m[KSequencer[m[K, cycle,291, @ sec,9, msec,957,,9.957,,,,,,,,,,,,
Dec  6 19:57:50 b61-u18-nuc18-ssga seqgen: [01,31m[KSequencer[m[K, cycle,292, @ sec,9, msec,990,,9.99,,,,,,,,,,,,
Dec  6 19:57:51 b61-u18-nuc18-ssga seqgen: [01,31m[KSequencer[m[K, cycle,293, @ sec,10, msec,24,,10.024,,,,,,,,,,,,
Dec  6 19:57:51 b61-u18-nuc18-ssga seqgen: [01,31m[KSequencer[m[K, cycle,294, @ sec,10, msec,57,,10.057,,,,,,,,,,,,
Dec  6 19:57:51 b61-u18-nuc18-ssga seqgen: [01,31m[KSequencer[m[K, cycle,295, @ sec,10, msec,90,,10.09,,,,,,,,,,,,
Dec  6 19:57:51 b61-u18-nuc18-ssga seqgen: [01,31m[KSequencer[m[K, cycle,296, @ sec,10, msec,124,,10.124,,,,,,,,,,,,
Dec  6 19:57:51 b61-u18-nuc18-ssga seqgen: [01,31m[KSequencer[m[K, cycle,297, @ sec,10, msec,157,,10.157,,,,,,,,,,,,
Dec  6 19:57:51 b61-u18-nuc18-ssga seqgen: [01,31m[KSequencer[m[K, cycle,298, @ sec,10, msec,191,,10.191,,,,,,,,,,,,
Dec  6 19:57:51 b61-u18-nuc18-ssga seqgen: [01,31m[KSequencer[m[K, cycle,299, @ sec,10, msec,224,,10.224,,,,,,,,,,,,
Dec  6 19:57:51 b61-u18-nuc18-ssga seqgen: [01,31m[KSequencer[m[K, cycle,300, @ sec,10, msec,257,,10.257,,,,,,,,,,,,
Dec  6 19:57:51 b61-u18-nuc18-ssga seqgen: [01,31m[KSequencer[m[K, cycle,301, @ sec,10, msec,291,,10.291,,,,,,,,,,,,
Dec  6 19:57:51 b61-u18-nuc18-ssga seqgen: [01,31m[KSequencer[m[K, cycle,302, @ sec,10, msec,324,,10.324,,,,,,,,,,,,
Dec  6 19:57:51 b61-u18-nuc18-ssga seqgen: [01,31m[KSequencer[m[K, cycle,303, @ sec,10, msec,358,,10.358,,,,,,,,,,,,
Dec  6 19:57:51 b61-u18-nuc18-ssga seqgen: [01,31m[KSequencer[m[K, cycle,304, @ sec,10, msec,391,,10.391,,,,,,,,,,,,
Dec  6 19:57:51 b61-u18-nuc18-ssga seqgen: [01,31m[KSequencer[m[K, cycle,305, @ sec,10, msec,424,,10.424,,,,,,,,,,,,
Dec  6 19:57:51 b61-u18-nuc18-ssga seqgen: [01,31m[KSequencer[m[K, cycle,306, @ sec,10, msec,458,,10.458,,,,,,,,,,,,
Dec  6 19:57:51 b61-u18-nuc18-ssga seqgen: [01,31m[KSequencer[m[K, cycle,307, @ sec,10, msec,491,,10.491,,,,,,,,,,,,
Dec  6 19:57:51 b61-u18-nuc18-ssga seqgen: [01,31m[KSequencer[m[K, cycle,308, @ sec,10, msec,524,,10.524,,,,,,,,,,,,
Dec  6 19:57:51 b61-u18-nuc18-ssga seqgen: [01,31m[KSequencer[m[K, cycle,309, @ sec,10, msec,558,,10.558,,,,,,,,,,,,
Dec  6 19:57:51 b61-u18-nuc18-ssga seqgen: [01,31m[KSequencer[m[K, cycle,310, @ sec,10, msec,591,,10.591,,,,,,,,,,,,
Dec  6 19:57:51 b61-u18-nuc18-ssga seqgen: [01,31m[KSequencer[m[K, cycle,311, @ sec,10, msec,625,,10.625,,,,,,,,,,,,
Dec  6 19:57:51 b61-u18-nuc18-ssga seqgen: [01,31m[KSequencer[m[K, cycle,312, @ sec,10, msec,658,,10.658,,,,,,,,,,,,
Dec  6 19:57:51 b61-u18-nuc18-ssga seqgen: [01,31m[KSequencer[m[K, cycle,313, @ sec,10, msec,691,,10.691,,,,,,,,,,,,
Dec  6 19:57:51 b61-u18-nuc18-ssga seqgen: [01,31m[KSequencer[m[K, cycle,314, @ sec,10, msec,725,,10.725,,,,,,,,,,,,
Dec  6 19:57:51 b61-u18-nuc18-ssga seqgen: [01,31m[KSequencer[m[K, cycle,315, @ sec,10, msec,758,,10.758,,,,,,,,,,,,
Dec  6 19:57:51 b61-u18-nuc18-ssga seqgen: [01,31m[KSequencer[m[K, cycle,316, @ sec,10, msec,791,,10.791,,,,,,,,,,,,
Dec  6 19:57:51 b61-u18-nuc18-ssga seqgen: [01,31m[KSequencer[m[K, cycle,317, @ sec,10, msec,825,,10.825,,,,,,,,,,,,
Dec  6 19:57:51 b61-u18-nuc18-ssga seqgen: [01,31m[KSequencer[m[K, cycle,318, @ sec,10, msec,858,,10.858,,,,,,,,,,,,
Dec  6 19:57:51 b61-u18-nuc18-ssga seqgen: [01,31m[KSequencer[m[K, cycle,319, @ sec,10, msec,891,,10.891,,,,,,,,,,,,
Dec  6 19:57:51 b61-u18-nuc18-ssga seqgen: [01,31m[KSequencer[m[K, cycle,320, @ sec,10, msec,925,,10.925,,,,,,,,,,,,
Dec  6 19:57:51 b61-u18-nuc18-ssga seqgen: [01,31m[KSequencer[m[K, cycle,321, @ sec,10, msec,958,,10.958,,,,,,,,,,,,
Dec  6 19:57:51 b61-u18-nuc18-ssga seqgen: [01,31m[KSequencer[m[K, cycle,322, @ sec,10, msec,991,,10.991,,,,,,,,,,,,
Dec  6 19:57:52 b61-u18-nuc18-ssga seqgen: [01,31m[KSequencer[m[K, cycle,323, @ sec,11, msec,25,,11.025,,,,,,,,,,,,
Dec  6 19:57:52 b61-u18-nuc18-ssga seqgen: [01,31m[KSequencer[m[K, cycle,324, @ sec,11, msec,58,,11.058,,,,,,,,,,,,
Dec  6 19:57:52 b61-u18-nuc18-ssga seqgen: [01,31m[KSequencer[m[K, cycle,325, @ sec,11, msec,91,,11.091,,,,,,,,,,,,
Dec  6 19:57:52 b61-u18-nuc18-ssga seqgen: [01,31m[KSequencer[m[K, cycle,326, @ sec,11, msec,125,,11.125,,,,,,,,,,,,
Dec  6 19:57:52 b61-u18-nuc18-ssga seqgen: [01,31m[KSequencer[m[K, cycle,327, @ sec,11, msec,158,,11.158,,,,,,,,,,,,
Dec  6 19:57:52 b61-u18-nuc18-ssga seqgen: [01,31m[KSequencer[m[K, cycle,328, @ sec,11, msec,192,,11.192,,,,,,,,,,,,
Dec  6 19:57:52 b61-u18-nuc18-ssga seqgen: [01,31m[KSequencer[m[K, cycle,329, @ sec,11, msec,225,,11.225,,,,,,,,,,,,
Dec  6 19:57:52 b61-u18-nuc18-ssga seqgen: [01,31m[KSequencer[m[K, cycle,330, @ sec,11, msec,258,,11.258,,,,,,,,,,,,
Dec  6 19:57:52 b61-u18-nuc18-ssga seqgen: [01,31m[KSequencer[m[K, cycle,331, @ sec,11, msec,292,,11.292,,,,,,,,,,,,
Dec  6 19:57:52 b61-u18-nuc18-ssga seqgen: [01,31m[KSequencer[m[K, cycle,332, @ sec,11, msec,325,,11.325,,,,,,,,,,,,
Dec  6 19:57:52 b61-u18-nuc18-ssga seqgen: [01,31m[KSequencer[m[K, cycle,333, @ sec,11, msec,358,,11.358,,,,,,,,,,,,
Dec  6 19:57:52 b61-u18-nuc18-ssga seqgen: [01,31m[KSequencer[m[K, cycle,334, @ sec,11, msec,392,,11.392,,,,,,,,,,,,
Dec  6 19:57:52 b61-u18-nuc18-ssga seqgen: [01,31m[KSequencer[m[K, cycle,335, @ sec,11, msec,425,,11.425,,,,,,,,,,,,
Dec  6 19:57:52 b61-u18-nuc18-ssga seqgen: [01,31m[KSequencer[m[K, cycle,336, @ sec,11, msec,458,,11.458,,,,,,,,,,,,
Dec  6 19:57:52 b61-u18-nuc18-ssga seqgen: [01,31m[KSequencer[m[K, cycle,337, @ sec,11, msec,492,,11.492,,,,,,,,,,,,
Dec  6 19:57:52 b61-u18-nuc18-ssga seqgen: [01,31m[KSequencer[m[K, cycle,338, @ sec,11, msec,525,,11.525,,,,,,,,,,,,
Dec  6 19:57:52 b61-u18-nuc18-ssga seqgen: [01,31m[KSequencer[m[K, cycle,339, @ sec,11, msec,558,,11.558,,,,,,,,,,,,
Dec  6 19:57:52 b61-u18-nuc18-ssga seqgen: [01,31m[KSequencer[m[K, cycle,340, @ sec,11, msec,592,,11.592,,,,,,,,,,,,
Dec  6 19:57:52 b61-u18-nuc18-ssga seqgen: [01,31m[KSequencer[m[K, cycle,341, @ sec,11, msec,625,,11.625,,,,,,,,,,,,
Dec  6 19:57:52 b61-u18-nuc18-ssga seqgen: [01,31m[KSequencer[m[K, cycle,342, @ sec,11, msec,658,,11.658,,,,,,,,,,,,
Dec  6 19:57:52 b61-u18-nuc18-ssga seqgen: [01,31m[KSequencer[m[K, cycle,343, @ sec,11, msec,692,,11.692,,,,,,,,,,,,
Dec  6 19:57:52 b61-u18-nuc18-ssga seqgen: [01,31m[KSequencer[m[K, cycle,344, @ sec,11, msec,725,,11.725,,,,,,,,,,,,
Dec  6 19:57:52 b61-u18-nuc18-ssga seqgen: [01,31m[KSequencer[m[K, cycle,345, @ sec,11, msec,759,,11.759,,,,,,,,,,,,
Dec  6 19:57:52 b61-u18-nuc18-ssga seqgen: [01,31m[KSequencer[m[K, cycle,346, @ sec,11, msec,792,,11.792,,,,,,,,,,,,
Dec  6 19:57:52 b61-u18-nuc18-ssga seqgen: [01,31m[KSequencer[m[K, cycle,347, @ sec,11, msec,825,,11.825,,,,,,,,,,,,
Dec  6 19:57:52 b61-u18-nuc18-ssga seqgen: [01,31m[KSequencer[m[K, cycle,348, @ sec,11, msec,859,,11.859,,,,,,,,,,,,
Dec  6 19:57:52 b61-u18-nuc18-ssga seqgen: [01,31m[KSequencer[m[K, cycle,349, @ sec,11, msec,892,,11.892,,,,,,,,,,,,
Dec  6 19:57:52 b61-u18-nuc18-ssga seqgen: [01,31m[KSequencer[m[K, cycle,350, @ sec,11, msec,925,,11.925,,,,,,,,,,,,
Dec  6 19:57:52 b61-u18-nuc18-ssga seqgen: [01,31m[KSequencer[m[K, cycle,351, @ sec,11, msec,959,,11.959,,,,,,,,,,,,
Dec  6 19:57:52 b61-u18-nuc18-ssga seqgen: [01,31m[KSequencer[m[K, cycle,352, @ sec,11, msec,992,,11.992,,,,,,,,,,,,
Dec  6 19:57:53 b61-u18-nuc18-ssga seqgen: [01,31m[KSequencer[m[K, cycle,353, @ sec,12, msec,25,,12.025,,,,,,,,,,,,
Dec  6 19:57:53 b61-u18-nuc18-ssga seqgen: [01,31m[KSequencer[m[K, cycle,354, @ sec,12, msec,59,,12.059,,,,,,,,,,,,
Dec  6 19:57:53 b61-u18-nuc18-ssga seqgen: [01,31m[KSequencer[m[K, cycle,355, @ sec,12, msec,92,,12.092,,,,,,,,,,,,
Dec  6 19:57:53 b61-u18-nuc18-ssga seqgen: [01,31m[KSequencer[m[K, cycle,356, @ sec,12, msec,125,,12.125,,,,,,,,,,,,
Dec  6 19:57:53 b61-u18-nuc18-ssga seqgen: [01,31m[KSequencer[m[K, cycle,357, @ sec,12, msec,159,,12.159,,,,,,,,,,,,
Dec  6 19:57:53 b61-u18-nuc18-ssga seqgen: [01,31m[KSequencer[m[K, cycle,358, @ sec,12, msec,192,,12.192,,,,,,,,,,,,
Dec  6 19:57:53 b61-u18-nuc18-ssga seqgen: [01,31m[KSequencer[m[K, cycle,359, @ sec,12, msec,225,,12.225,,,,,,,,,,,,
Dec  6 19:57:53 b61-u18-nuc18-ssga seqgen: [01,31m[KSequencer[m[K, cycle,360, @ sec,12, msec,259,,12.259,,,,,,,,,,,,
Dec  6 19:57:53 b61-u18-nuc18-ssga seqgen: [01,31m[KSequencer[m[K, cycle,361, @ sec,12, msec,292,,12.292,,,,,,,,,,,,
Dec  6 19:57:53 b61-u18-nuc18-ssga seqgen: [01,31m[KSequencer[m[K, cycle,362, @ sec,12, msec,326,,12.326,,,,,,,,,,,,
Dec  6 19:57:53 b61-u18-nuc18-ssga seqgen: [01,31m[KSequencer[m[K, cycle,363, @ sec,12, msec,359,,12.359,,,,,,,,,,,,
Dec  6 19:57:53 b61-u18-nuc18-ssga seqgen: [01,31m[KSequencer[m[K, cycle,364, @ sec,12, msec,392,,12.392,,,,,,,,,,,,
Dec  6 19:57:53 b61-u18-nuc18-ssga seqgen: [01,31m[KSequencer[m[K, cycle,365, @ sec,12, msec,426,,12.426,,,,,,,,,,,,
Dec  6 19:57:53 b61-u18-nuc18-ssga seqgen: [01,31m[KSequencer[m[K, cycle,366, @ sec,12, msec,459,,12.459,,,,,,,,,,,,
Dec  6 19:57:53 b61-u18-nuc18-ssga seqgen: [01,31m[KSequencer[m[K, cycle,367, @ sec,12, msec,492,,12.492,,,,,,,,,,,,
Dec  6 19:57:53 b61-u18-nuc18-ssga seqgen: [01,31m[KSequencer[m[K, cycle,368, @ sec,12, msec,526,,12.526,,,,,,,,,,,,
Dec  6 19:57:53 b61-u18-nuc18-ssga seqgen: [01,31m[KSequencer[m[K, cycle,369, @ sec,12, msec,559,,12.559,,,,,,,,,,,,
Dec  6 19:57:53 b61-u18-nuc18-ssga seqgen: [01,31m[KSequencer[m[K, cycle,370, @ sec,12, msec,592,,12.592,,,,,,,,,,,,
Dec  6 19:57:53 b61-u18-nuc18-ssga seqgen: [01,31m[KSequencer[m[K, cycle,371, @ sec,12, msec,626,,12.626,,,,,,,,,,,,
Dec  6 19:57:53 b61-u18-nuc18-ssga seqgen: [01,31m[KSequencer[m[K, cycle,372, @ sec,12, msec,659,,12.659,,,,,,,,,,,,
Dec  6 19:57:53 b61-u18-nuc18-ssga seqgen: [01,31m[KSequencer[m[K, cycle,373, @ sec,12, msec,692,,12.692,,,,,,,,,,,,
Dec  6 19:57:53 b61-u18-nuc18-ssga seqgen: [01,31m[KSequencer[m[K, cycle,374, @ sec,12, msec,726,,12.726,,,,,,,,,,,,
Dec  6 19:57:53 b61-u18-nuc18-ssga seqgen: [01,31m[KSequencer[m[K, cycle,375, @ sec,12, msec,759,,12.759,,,,,,,,,,,,
Dec  6 19:57:53 b61-u18-nuc18-ssga seqgen: [01,31m[KSequencer[m[K, cycle,376, @ sec,12, msec,792,,12.792,,,,,,,,,,,,
Dec  6 19:57:53 b61-u18-nuc18-ssga seqgen: [01,31m[KSequencer[m[K, cycle,377, @ sec,12, msec,826,,12.826,,,,,,,,,,,,
Dec  6 19:57:53 b61-u18-nuc18-ssga seqgen: [01,31m[KSequencer[m[K, cycle,378, @ sec,12, msec,859,,12.859,,,,,,,,,,,,
Dec  6 19:57:53 b61-u18-nuc18-ssga seqgen: [01,31m[KSequencer[m[K, cycle,379, @ sec,12, msec,893,,12.893,,,,,,,,,,,,
Dec  6 19:57:53 b61-u18-nuc18-ssga seqgen: [01,31m[KSequencer[m[K, cycle,380, @ sec,12, msec,926,,12.926,,,,,,,,,,,,
Dec  6 19:57:53 b61-u18-nuc18-ssga seqgen: [01,31m[KSequencer[m[K, cycle,381, @ sec,12, msec,959,,12.959,,,,,,,,,,,,
Dec  6 19:57:53 b61-u18-nuc18-ssga seqgen: [01,31m[KSequencer[m[K, cycle,382, @ sec,12, msec,993,,12.993,,,,,,,,,,,,
Dec  6 19:57:54 b61-u18-nuc18-ssga seqgen: [01,31m[KSequencer[m[K, cycle,383, @ sec,13, msec,26,,13.026,,,,,,,,,,,,
Dec  6 19:57:54 b61-u18-nuc18-ssga seqgen: [01,31m[KSequencer[m[K, cycle,384, @ sec,13, msec,59,,13.059,,,,,,,,,,,,
Dec  6 19:57:54 b61-u18-nuc18-ssga seqgen: [01,31m[KSequencer[m[K, cycle,385, @ sec,13, msec,93,,13.093,,,,,,,,,,,,
Dec  6 19:57:54 b61-u18-nuc18-ssga seqgen: [01,31m[KSequencer[m[K, cycle,386, @ sec,13, msec,126,,13.126,,,,,,,,,,,,
Dec  6 19:57:54 b61-u18-nuc18-ssga seqgen: [01,31m[KSequencer[m[K, cycle,387, @ sec,13, msec,159,,13.159,,,,,,,,,,,,
Dec  6 19:57:54 b61-u18-nuc18-ssga seqgen: [01,31m[KSequencer[m[K, cycle,388, @ sec,13, msec,193,,13.193,,,,,,,,,,,,
Dec  6 19:57:54 b61-u18-nuc18-ssga seqgen: [01,31m[KSequencer[m[K, cycle,389, @ sec,13, msec,226,,13.226,,,,,,,,,,,,
Dec  6 19:57:54 b61-u18-nuc18-ssga seqgen: [01,31m[KSequencer[m[K, cycle,390, @ sec,13, msec,259,,13.259,,,,,,,,,,,,
Dec  6 19:57:54 b61-u18-nuc18-ssga seqgen: [01,31m[KSequencer[m[K, cycle,391, @ sec,13, msec,293,,13.293,,,,,,,,,,,,
Dec  6 19:57:54 b61-u18-nuc18-ssga seqgen: [01,31m[KSequencer[m[K, cycle,392, @ sec,13, msec,326,,13.326,,,,,,,,,,,,
Dec  6 19:57:54 b61-u18-nuc18-ssga seqgen: [01,31m[KSequencer[m[K, cycle,393, @ sec,13, msec,359,,13.359,,,,,,,,,,,,
Dec  6 19:57:54 b61-u18-nuc18-ssga seqgen: [01,31m[KSequencer[m[K, cycle,394, @ sec,13, msec,393,,13.393,,,,,,,,,,,,
Dec  6 19:57:54 b61-u18-nuc18-ssga seqgen: [01,31m[KSequencer[m[K, cycle,395, @ sec,13, msec,426,,13.426,,,,,,,,,,,,
Dec  6 19:57:54 b61-u18-nuc18-ssga seqgen: [01,31m[KSequencer[m[K, cycle,396, @ sec,13, msec,459,,13.459,,,,,,,,,,,,
Dec  6 19:57:54 b61-u18-nuc18-ssga seqgen: [01,31m[KSequencer[m[K, cycle,397, @ sec,13, msec,493,,13.493,,,,,,,,,,,,
Dec  6 19:57:54 b61-u18-nuc18-ssga seqgen: [01,31m[KSequencer[m[K, cycle,398, @ sec,13, msec,526,,13.526,,,,,,,,,,,,
Dec  6 19:57:54 b61-u18-nuc18-ssga seqgen: [01,31m[KSequencer[m[K, cycle,399, @ sec,13, msec,560,,13.56,,,,,,,,,,,,
Dec  6 19:57:54 b61-u18-nuc18-ssga seqgen: [01,31m[KSequencer[m[K, cycle,400, @ sec,13, msec,593,,13.593,,,,,,,,,,,,
Dec  6 19:57:54 b61-u18-nuc18-ssga seqgen: [01,31m[KSequencer[m[K, cycle,401, @ sec,13, msec,626,,13.626,,,,,,,,,,,,
Dec  6 19:57:54 b61-u18-nuc18-ssga seqgen: [01,31m[KSequencer[m[K, cycle,402, @ sec,13, msec,660,,13.66,,,,,,,,,,,,
Dec  6 19:57:54 b61-u18-nuc18-ssga seqgen: [01,31m[KSequencer[m[K, cycle,403, @ sec,13, msec,693,,13.693,,,,,,,,,,,,
Dec  6 19:57:54 b61-u18-nuc18-ssga seqgen: [01,31m[KSequencer[m[K, cycle,404, @ sec,13, msec,726,,13.726,,,,,,,,,,,,
Dec  6 19:57:54 b61-u18-nuc18-ssga seqgen: [01,31m[KSequencer[m[K, cycle,405, @ sec,13, msec,760,,13.76,,,,,,,,,,,,
Dec  6 19:57:54 b61-u18-nuc18-ssga seqgen: [01,31m[KSequencer[m[K, cycle,406, @ sec,13, msec,793,,13.793,,,,,,,,,,,,
Dec  6 19:57:54 b61-u18-nuc18-ssga seqgen: [01,31m[KSequencer[m[K, cycle,407, @ sec,13, msec,826,,13.826,,,,,,,,,,,,
Dec  6 19:57:54 b61-u18-nuc18-ssga seqgen: [01,31m[KSequencer[m[K, cycle,408, @ sec,13, msec,860,,13.86,,,,,,,,,,,,
Dec  6 19:57:54 b61-u18-nuc18-ssga seqgen: [01,31m[KSequencer[m[K, cycle,409, @ sec,13, msec,893,,13.893,,,,,,,,,,,,
Dec  6 19:57:54 b61-u18-nuc18-ssga seqgen: [01,31m[KSequencer[m[K, cycle,410, @ sec,13, msec,926,,13.926,,,,,,,,,,,,
Dec  6 19:57:54 b61-u18-nuc18-ssga seqgen: [01,31m[KSequencer[m[K, cycle,411, @ sec,13, msec,960,,13.96,,,,,,,,,,,,
Dec  6 19:57:54 b61-u18-nuc18-ssga seqgen: [01,31m[KSequencer[m[K, cycle,412, @ sec,13, msec,993,,13.993,,,,,,,,,,,,
Dec  6 19:57:55 b61-u18-nuc18-ssga seqgen: [01,31m[KSequencer[m[K, cycle,413, @ sec,14, msec,26,,14.026,,,,,,,,,,,,
Dec  6 19:57:55 b61-u18-nuc18-ssga seqgen: [01,31m[KSequencer[m[K, cycle,414, @ sec,14, msec,60,,14.06,,,,,,,,,,,,
Dec  6 19:57:55 b61-u18-nuc18-ssga seqgen: [01,31m[KSequencer[m[K, cycle,415, @ sec,14, msec,93,,14.093,,,,,,,,,,,,
Dec  6 19:57:55 b61-u18-nuc18-ssga seqgen: [01,31m[KSequencer[m[K, cycle,416, @ sec,14, msec,126,,14.126,,,,,,,,,,,,
Dec  6 19:57:55 b61-u18-nuc18-ssga seqgen: [01,31m[KSequencer[m[K, cycle,417, @ sec,14, msec,160,,14.16,,,,,,,,,,,,
Dec  6 19:57:55 b61-u18-nuc18-ssga seqgen: [01,31m[KSequencer[m[K, cycle,418, @ sec,14, msec,193,,14.193,,,,,,,,,,,,
Dec  6 19:57:55 b61-u18-nuc18-ssga seqgen: [01,31m[KSequencer[m[K, cycle,419, @ sec,14, msec,227,,14.227,,,,,,,,,,,,
Dec  6 19:57:55 b61-u18-nuc18-ssga seqgen: [01,31m[KSequencer[m[K, cycle,420, @ sec,14, msec,260,,14.26,,,,,,,,,,,,
Dec  6 19:57:55 b61-u18-nuc18-ssga seqgen: [01,31m[KSequencer[m[K, cycle,421, @ sec,14, msec,293,,14.293,,,,,,,,,,,,
Dec  6 19:57:55 b61-u18-nuc18-ssga seqgen: [01,31m[KSequencer[m[K, cycle,422, @ sec,14, msec,327,,14.327,,,,,,,,,,,,
Dec  6 19:57:55 b61-u18-nuc18-ssga seqgen: [01,31m[KSequencer[m[K, cycle,423, @ sec,14, msec,360,,14.36,,,,,,,,,,,,
Dec  6 19:57:55 b61-u18-nuc18-ssga seqgen: [01,31m[KSequencer[m[K, cycle,424, @ sec,14, msec,393,,14.393,,,,,,,,,,,,
Dec  6 19:57:55 b61-u18-nuc18-ssga seqgen: [01,31m[KSequencer[m[K, cycle,425, @ sec,14, msec,427,,14.427,,,,,,,,,,,,
Dec  6 19:57:55 b61-u18-nuc18-ssga seqgen: [01,31m[KSequencer[m[K, cycle,426, @ sec,14, msec,460,,14.46,,,,,,,,,,,,
Dec  6 19:57:55 b61-u18-nuc18-ssga seqgen: [01,31m[KSequencer[m[K, cycle,427, @ sec,14, msec,493,,14.493,,,,,,,,,,,,
Dec  6 19:57:55 b61-u18-nuc18-ssga seqgen: [01,31m[KSequencer[m[K, cycle,428, @ sec,14, msec,527,,14.527,,,,,,,,,,,,
Dec  6 19:57:55 b61-u18-nuc18-ssga seqgen: [01,31m[KSequencer[m[K, cycle,429, @ sec,14, msec,560,,14.56,,,,,,,,,,,,
Dec  6 19:57:55 b61-u18-nuc18-ssga seqgen: [01,31m[KSequencer[m[K, cycle,430, @ sec,14, msec,593,,14.593,,,,,,,,,,,,
Dec  6 19:57:55 b61-u18-nuc18-ssga seqgen: [01,31m[KSequencer[m[K, cycle,431, @ sec,14, msec,627,,14.627,,,,,,,,,,,,
Dec  6 19:57:55 b61-u18-nuc18-ssga seqgen: [01,31m[KSequencer[m[K, cycle,432, @ sec,14, msec,660,,14.66,,,,,,,,,,,,
Dec  6 19:57:55 b61-u18-nuc18-ssga seqgen: [01,31m[KSequencer[m[K, cycle,433, @ sec,14, msec,693,,14.693,,,,,,,,,,,,
Dec  6 19:57:55 b61-u18-nuc18-ssga seqgen: [01,31m[KSequencer[m[K, cycle,434, @ sec,14, msec,727,,14.727,,,,,,,,,,,,
Dec  6 19:57:55 b61-u18-nuc18-ssga seqgen: [01,31m[KSequencer[m[K, cycle,435, @ sec,14, msec,760,,14.76,,,,,,,,,,,,
Dec  6 19:57:55 b61-u18-nuc18-ssga seqgen: [01,31m[KSequencer[m[K, cycle,436, @ sec,14, msec,794,,14.794,,,,,,,,,,,,
Dec  6 19:57:55 b61-u18-nuc18-ssga seqgen: [01,31m[KSequencer[m[K, cycle,437, @ sec,14, msec,827,,14.827,,,,,,,,,,,,
Dec  6 19:57:55 b61-u18-nuc18-ssga seqgen: [01,31m[KSequencer[m[K, cycle,438, @ sec,14, msec,860,,14.86,,,,,,,,,,,,
Dec  6 19:57:55 b61-u18-nuc18-ssga seqgen: [01,31m[KSequencer[m[K, cycle,439, @ sec,14, msec,894,,14.894,,,,,,,,,,,,
Dec  6 19:57:55 b61-u18-nuc18-ssga seqgen: [01,31m[KSequencer[m[K, cycle,440, @ sec,14, msec,927,,14.927,,,,,,,,,,,,
Dec  6 19:57:55 b61-u18-nuc18-ssga seqgen: [01,31m[KSequencer[m[K, cycle,441, @ sec,14, msec,960,,14.96,,,,,,,,,,,,
Dec  6 19:57:55 b61-u18-nuc18-ssga seqgen: [01,31m[KSequencer[m[K, cycle,442, @ sec,14, msec,994,,14.994,,,,,,,,,,,,
Dec  6 19:57:56 b61-u18-nuc18-ssga seqgen: [01,31m[KSequencer[m[K, cycle,443, @ sec,15, msec,27,,15.027,,,,,,,,,,,,
Dec  6 19:57:56 b61-u18-nuc18-ssga seqgen: [01,31m[KSequencer[m[K, cycle,444, @ sec,15, msec,60,,15.06,,,,,,,,,,,,
Dec  6 19:57:56 b61-u18-nuc18-ssga seqgen: [01,31m[KSequencer[m[K, cycle,445, @ sec,15, msec,94,,15.094,,,,,,,,,,,,
Dec  6 19:57:56 b61-u18-nuc18-ssga seqgen: [01,31m[KSequencer[m[K, cycle,446, @ sec,15, msec,127,,15.127,,,,,,,,,,,,
Dec  6 19:57:56 b61-u18-nuc18-ssga seqgen: [01,31m[KSequencer[m[K, cycle,447, @ sec,15, msec,161,,15.161,,,,,,,,,,,,
Dec  6 19:57:56 b61-u18-nuc18-ssga seqgen: [01,31m[KSequencer[m[K, cycle,448, @ sec,15, msec,194,,15.194,,,,,,,,,,,,
Dec  6 19:57:56 b61-u18-nuc18-ssga seqgen: [01,31m[KSequencer[m[K, cycle,449, @ sec,15, msec,227,,15.227,,,,,,,,,,,,
Dec  6 19:57:56 b61-u18-nuc18-ssga seqgen: [01,31m[KSequencer[m[K, cycle,450, @ sec,15, msec,261,,15.261,,,,,,,,,,,,
Dec  6 19:57:56 b61-u18-nuc18-ssga seqgen: [01,31m[KSequencer[m[K, cycle,451, @ sec,15, msec,294,,15.294,,,,,,,,,,,,
Dec  6 19:57:56 b61-u18-nuc18-ssga seqgen: [01,31m[KSequencer[m[K, cycle,452, @ sec,15, msec,327,,15.327,,,,,,,,,,,,
Dec  6 19:57:56 b61-u18-nuc18-ssga seqgen: [01,31m[KSequencer[m[K, cycle,453, @ sec,15, msec,361,,15.361,,,,,,,,,,,,
Dec  6 19:57:56 b61-u18-nuc18-ssga seqgen: [01,31m[KSequencer[m[K, cycle,454, @ sec,15, msec,394,,15.394,,,,,,,,,,,,
Dec  6 19:57:56 b61-u18-nuc18-ssga seqgen: [01,31m[KSequencer[m[K, cycle,455, @ sec,15, msec,427,,15.427,,,,,,,,,,,,
Dec  6 19:57:56 b61-u18-nuc18-ssga seqgen: [01,31m[KSequencer[m[K, cycle,456, @ sec,15, msec,461,,15.461,,,,,,,,,,,,
Dec  6 19:57:56 b61-u18-nuc18-ssga seqgen: [01,31m[KSequencer[m[K, cycle,457, @ sec,15, msec,494,,15.494,,,,,,,,,,,,
Dec  6 19:57:56 b61-u18-nuc18-ssga seqgen: [01,31m[KSequencer[m[K, cycle,458, @ sec,15, msec,527,,15.527,,,,,,,,,,,,
Dec  6 19:57:56 b61-u18-nuc18-ssga seqgen: [01,31m[KSequencer[m[K, cycle,459, @ sec,15, msec,561,,15.561,,,,,,,,,,,,
Dec  6 19:57:56 b61-u18-nuc18-ssga seqgen: [01,31m[KSequencer[m[K, cycle,460, @ sec,15, msec,594,,15.594,,,,,,,,,,,,
Dec  6 19:57:56 b61-u18-nuc18-ssga seqgen: [01,31m[KSequencer[m[K, cycle,461, @ sec,15, msec,627,,15.627,,,,,,,,,,,,
Dec  6 19:57:56 b61-u18-nuc18-ssga seqgen: [01,31m[KSequencer[m[K, cycle,462, @ sec,15, msec,661,,15.661,,,,,,,,,,,,
Dec  6 19:57:56 b61-u18-nuc18-ssga seqgen: [01,31m[KSequencer[m[K, cycle,463, @ sec,15, msec,694,,15.694,,,,,,,,,,,,
Dec  6 19:57:56 b61-u18-nuc18-ssga seqgen: [01,31m[KSequencer[m[K, cycle,464, @ sec,15, msec,728,,15.728,,,,,,,,,,,,
Dec  6 19:57:56 b61-u18-nuc18-ssga seqgen: [01,31m[KSequencer[m[K, cycle,465, @ sec,15, msec,761,,15.761,,,,,,,,,,,,
Dec  6 19:57:56 b61-u18-nuc18-ssga seqgen: [01,31m[KSequencer[m[K, cycle,466, @ sec,15, msec,794,,15.794,,,,,,,,,,,,
Dec  6 19:57:56 b61-u18-nuc18-ssga seqgen: [01,31m[KSequencer[m[K, cycle,467, @ sec,15, msec,828,,15.828,,,,,,,,,,,,
Dec  6 19:57:56 b61-u18-nuc18-ssga seqgen: [01,31m[KSequencer[m[K, cycle,468, @ sec,15, msec,861,,15.861,,,,,,,,,,,,
Dec  6 19:57:56 b61-u18-nuc18-ssga seqgen: [01,31m[KSequencer[m[K, cycle,469, @ sec,15, msec,894,,15.894,,,,,,,,,,,,
Dec  6 19:57:56 b61-u18-nuc18-ssga seqgen: [01,31m[KSequencer[m[K, cycle,470, @ sec,15, msec,928,,15.928,,,,,,,,,,,,
Dec  6 19:57:56 b61-u18-nuc18-ssga seqgen: [01,31m[KSequencer[m[K, cycle,471, @ sec,15, msec,961,,15.961,,,,,,,,,,,,
Dec  6 19:57:56 b61-u18-nuc18-ssga seqgen: [01,31m[KSequencer[m[K, cycle,472, @ sec,15, msec,994,,15.994,,,,,,,,,,,,
Dec  6 19:57:57 b61-u18-nuc18-ssga seqgen: [01,31m[KSequencer[m[K, cycle,473, @ sec,16, msec,28,,16.028,,,,,,,,,,,,
Dec  6 19:57:57 b61-u18-nuc18-ssga seqgen: [01,31m[KSequencer[m[K, cycle,474, @ sec,16, msec,61,,16.061,,,,,,,,,,,,
Dec  6 19:57:57 b61-u18-nuc18-ssga seqgen: [01,31m[KSequencer[m[K, cycle,475, @ sec,16, msec,94,,16.094,,,,,,,,,,,,
Dec  6 19:57:57 b61-u18-nuc18-ssga seqgen: [01,31m[KSequencer[m[K, cycle,476, @ sec,16, msec,128,,16.128,,,,,,,,,,,,
Dec  6 19:57:57 b61-u18-nuc18-ssga seqgen: [01,31m[KSequencer[m[K, cycle,477, @ sec,16, msec,161,,16.161,,,,,,,,,,,,
Dec  6 19:57:57 b61-u18-nuc18-ssga seqgen: [01,31m[KSequencer[m[K, cycle,478, @ sec,16, msec,194,,16.194,,,,,,,,,,,,
Dec  6 19:57:57 b61-u18-nuc18-ssga seqgen: [01,31m[KSequencer[m[K, cycle,479, @ sec,16, msec,228,,16.228,,,,,,,,,,,,
Dec  6 19:57:57 b61-u18-nuc18-ssga seqgen: [01,31m[KSequencer[m[K, cycle,480, @ sec,16, msec,261,,16.261,,,,,,,,,,,,
Dec  6 19:57:57 b61-u18-nuc18-ssga seqgen: [01,31m[KSequencer[m[K, cycle,481, @ sec,16, msec,294,,16.294,,,,,,,,,,,,
Dec  6 19:57:57 b61-u18-nuc18-ssga seqgen: [01,31m[KSequencer[m[K, cycle,482, @ sec,16, msec,328,,16.328,,,,,,,,,,,,
Dec  6 19:57:57 b61-u18-nuc18-ssga seqgen: [01,31m[KSequencer[m[K, cycle,483, @ sec,16, msec,361,,16.361,,,,,,,,,,,,
Dec  6 19:57:57 b61-u18-nuc18-ssga seqgen: [01,31m[KSequencer[m[K, cycle,484, @ sec,16, msec,395,,16.395,,,,,,,,,,,,
Dec  6 19:57:57 b61-u18-nuc18-ssga seqgen: [01,31m[KSequencer[m[K, cycle,485, @ sec,16, msec,428,,16.428,,,,,,,,,,,,
Dec  6 19:57:57 b61-u18-nuc18-ssga seqgen: [01,31m[KSequencer[m[K, cycle,486, @ sec,16, msec,461,,16.461,,,,,,,,,,,,
Dec  6 19:57:57 b61-u18-nuc18-ssga seqgen: [01,31m[KSequencer[m[K, cycle,487, @ sec,16, msec,495,,16.495,,,,,,,,,,,,
Dec  6 19:57:57 b61-u18-nuc18-ssga seqgen: [01,31m[KSequencer[m[K, cycle,488, @ sec,16, msec,528,,16.528,,,,,,,,,,,,
Dec  6 19:57:57 b61-u18-nuc18-ssga seqgen: [01,31m[KSequencer[m[K, cycle,489, @ sec,16, msec,561,,16.561,,,,,,,,,,,,
Dec  6 19:57:57 b61-u18-nuc18-ssga seqgen: [01,31m[KSequencer[m[K, cycle,490, @ sec,16, msec,595,,16.595,,,,,,,,,,,,
Dec  6 19:57:57 b61-u18-nuc18-ssga seqgen: [01,31m[KSequencer[m[K, cycle,491, @ sec,16, msec,628,,16.628,,,,,,,,,,,,
Dec  6 19:57:57 b61-u18-nuc18-ssga seqgen: [01,31m[KSequencer[m[K, cycle,492, @ sec,16, msec,661,,16.661,,,,,,,,,,,,
Dec  6 19:57:57 b61-u18-nuc18-ssga seqgen: [01,31m[KSequencer[m[K, cycle,493, @ sec,16, msec,695,,16.695,,,,,,,,,,,,
Dec  6 19:57:57 b61-u18-nuc18-ssga seqgen: [01,31m[KSequencer[m[K, cycle,494, @ sec,16, msec,728,,16.728,,,,,,,,,,,,
Dec  6 19:57:57 b61-u18-nuc18-ssga seqgen: [01,31m[KSequencer[m[K, cycle,495, @ sec,16, msec,761,,16.761,,,,,,,,,,,,
Dec  6 19:57:57 b61-u18-nuc18-ssga seqgen: [01,31m[KSequencer[m[K, cycle,496, @ sec,16, msec,795,,16.795,,,,,,,,,,,,
Dec  6 19:57:57 b61-u18-nuc18-ssga seqgen: [01,31m[KSequencer[m[K, cycle,497, @ sec,16, msec,828,,16.828,,,,,,,,,,,,
Dec  6 19:57:57 b61-u18-nuc18-ssga seqgen: [01,31m[KSequencer[m[K, cycle,498, @ sec,16, msec,861,,16.861,,,,,,,,,,,,
Dec  6 19:57:57 b61-u18-nuc18-ssga seqgen: [01,31m[KSequencer[m[K, cycle,499, @ sec,16, msec,895,,16.895,,,,,,,,,,,,
Dec  6 19:57:57 b61-u18-nuc18-ssga seqgen: [01,31m[KSequencer[m[K, cycle,500, @ sec,16, msec,928,,16.928,,,,,,,,,,,,
^C,,,,,,,,,,,,,,,,,,,,,
]0,toyohart@b61-u18-nuc18-ssga: ~/Desktop/sequencer_generictoyohart@b61-u18-nuc18-ssga:~/Desktop/sequencer_generic$ exit,,,,,,,,,,,,,,,,,,,,
exit,,,,,,,,,,,,,,,,,,,,,
,,,,,,,,,,,,,,,,,,,,,
Script done on 2019-12-06 19:58:03-0700,,,,,,,,,,,,,,,,,,,,,
